USE [cloudmedicdatabase]
GO
/****** Object:  Table [dbo].[__MigrationHistory]    Script Date: 7/18/2016 1:52:09 PM ******/
SET ANSI_NULLS ON
GO
SET QUOTED_IDENTIFIER ON
GO
SET ANSI_PADDING ON
GO
CREATE TABLE [dbo].[__MigrationHistory](
	[MigrationId] [nvarchar](150) NOT NULL,
	[ContextKey] [nvarchar](300) NOT NULL,
	[Model] [varbinary](max) NOT NULL,
	[ProductVersion] [nvarchar](32) NOT NULL,
 CONSTRAINT [PK_dbo.__MigrationHistory] PRIMARY KEY CLUSTERED 
(
	[MigrationId] ASC,
	[ContextKey] ASC
)WITH (PAD_INDEX = OFF, STATISTICS_NORECOMPUTE = OFF, IGNORE_DUP_KEY = OFF, ALLOW_ROW_LOCKS = ON, ALLOW_PAGE_LOCKS = ON)
)

GO
SET ANSI_PADDING OFF
GO
/****** Object:  Table [dbo].[CareTeams]    Script Date: 7/18/2016 1:52:15 PM ******/
SET ANSI_NULLS ON
GO
SET QUOTED_IDENTIFIER ON
GO
CREATE TABLE [dbo].[CareTeams](
	[Id] [uniqueidentifier] NOT NULL,
	[Name] [nvarchar](max) NULL,
	[Active] [bit] NOT NULL,
	[Patient_Id] [nvarchar](128) NULL,
 CONSTRAINT [PK_dbo.CareTeams] PRIMARY KEY CLUSTERED 
(
	[Id] ASC
)WITH (PAD_INDEX = OFF, STATISTICS_NORECOMPUTE = OFF, IGNORE_DUP_KEY = OFF, ALLOW_ROW_LOCKS = ON, ALLOW_PAGE_LOCKS = ON)
)

GO
/****** Object:  Table [dbo].[Medications]    Script Date: 7/18/2016 1:52:16 PM ******/
SET ANSI_NULLS ON
GO
SET QUOTED_IDENTIFIER ON
GO
CREATE TABLE [dbo].[Medications](
	[MedicationId] [uniqueidentifier] NOT NULL,
	[GenericName] [nvarchar](max) NULL,
	[Code] [nvarchar](max) NULL,
 CONSTRAINT [PK_dbo.Medications] PRIMARY KEY CLUSTERED 
(
	[MedicationId] ASC
)WITH (PAD_INDEX = OFF, STATISTICS_NORECOMPUTE = OFF, IGNORE_DUP_KEY = OFF, ALLOW_ROW_LOCKS = ON, ALLOW_PAGE_LOCKS = ON)
)

GO
/****** Object:  Table [dbo].[Pharmacies]    Script Date: 7/18/2016 1:52:17 PM ******/
SET ANSI_NULLS ON
GO
SET QUOTED_IDENTIFIER ON
GO
CREATE TABLE [dbo].[Pharmacies](
	[PharmacyId] [uniqueidentifier] NOT NULL,
	[Name] [nvarchar](max) NULL,
	[Location] [nvarchar](max) NULL,
 CONSTRAINT [PK_dbo.Pharmacies] PRIMARY KEY CLUSTERED 
(
	[PharmacyId] ASC
)WITH (PAD_INDEX = OFF, STATISTICS_NORECOMPUTE = OFF, IGNORE_DUP_KEY = OFF, ALLOW_ROW_LOCKS = ON, ALLOW_PAGE_LOCKS = ON)
)

GO
/****** Object:  Table [dbo].[Prescriptions]    Script Date: 7/18/2016 1:52:18 PM ******/
SET ANSI_NULLS ON
GO
SET QUOTED_IDENTIFIER ON
GO
CREATE TABLE [dbo].[Prescriptions](
	[PrescriptionId] [uniqueidentifier] NOT NULL,
	[Dosage] [nvarchar](max) NULL,
	[Frequency] [nvarchar](max) NULL,
	[StartDate] [nvarchar](max) NULL,
	[EndDate] [nvarchar](max) NULL,
	[Notes] [nvarchar](max) NULL,
	[DateofStart] [datetime] NOT NULL,
	[DateofEnd] [datetime] NOT NULL,
	[Medication_MedicationId] [uniqueidentifier] NULL,
	[Patient_Id] [nvarchar](128) NULL,
 CONSTRAINT [PK_dbo.Prescriptions] PRIMARY KEY CLUSTERED 
(
	[PrescriptionId] ASC
)WITH (PAD_INDEX = OFF, STATISTICS_NORECOMPUTE = OFF, IGNORE_DUP_KEY = OFF, ALLOW_ROW_LOCKS = ON, ALLOW_PAGE_LOCKS = ON)
)

GO
/****** Object:  Table [dbo].[Roles]    Script Date: 7/18/2016 1:52:20 PM ******/
SET ANSI_NULLS ON
GO
SET QUOTED_IDENTIFIER ON
GO
CREATE TABLE [dbo].[Roles](
	[Id] [nvarchar](128) NOT NULL,
	[Name] [nvarchar](256) NOT NULL,
 CONSTRAINT [PK_dbo.Roles] PRIMARY KEY CLUSTERED 
(
	[Id] ASC
)WITH (PAD_INDEX = OFF, STATISTICS_NORECOMPUTE = OFF, IGNORE_DUP_KEY = OFF, ALLOW_ROW_LOCKS = ON, ALLOW_PAGE_LOCKS = ON)
)

GO
/****** Object:  Table [dbo].[UserClaims]    Script Date: 7/18/2016 1:52:20 PM ******/
SET ANSI_NULLS ON
GO
SET QUOTED_IDENTIFIER ON
GO
CREATE TABLE [dbo].[UserClaims](
	[Id] [int] IDENTITY(1,1) NOT NULL,
	[UserId] [nvarchar](128) NOT NULL,
	[ClaimType] [nvarchar](max) NULL,
	[ClaimValue] [nvarchar](max) NULL,
 CONSTRAINT [PK_dbo.UserClaims] PRIMARY KEY CLUSTERED 
(
	[Id] ASC
)WITH (PAD_INDEX = OFF, STATISTICS_NORECOMPUTE = OFF, IGNORE_DUP_KEY = OFF, ALLOW_ROW_LOCKS = ON, ALLOW_PAGE_LOCKS = ON)
)

GO
/****** Object:  Table [dbo].[UserLogins]    Script Date: 7/18/2016 1:52:21 PM ******/
SET ANSI_NULLS ON
GO
SET QUOTED_IDENTIFIER ON
GO
CREATE TABLE [dbo].[UserLogins](
	[LoginProvider] [nvarchar](128) NOT NULL,
	[ProviderKey] [nvarchar](128) NOT NULL,
	[UserId] [nvarchar](128) NOT NULL,
 CONSTRAINT [PK_dbo.UserLogins] PRIMARY KEY CLUSTERED 
(
	[LoginProvider] ASC,
	[ProviderKey] ASC,
	[UserId] ASC
)WITH (PAD_INDEX = OFF, STATISTICS_NORECOMPUTE = OFF, IGNORE_DUP_KEY = OFF, ALLOW_ROW_LOCKS = ON, ALLOW_PAGE_LOCKS = ON)
)

GO
/****** Object:  Table [dbo].[UserProviderCareTeams]    Script Date: 7/18/2016 1:52:22 PM ******/
SET ANSI_NULLS ON
GO
SET QUOTED_IDENTIFIER ON
GO
CREATE TABLE [dbo].[UserProviderCareTeams](
	[UserId] [nvarchar](128) NOT NULL,
	[CareTeamId] [uniqueidentifier] NOT NULL,
 CONSTRAINT [PK_dbo.UserProviderCareTeams] PRIMARY KEY CLUSTERED 
(
	[UserId] ASC,
	[CareTeamId] ASC
)WITH (PAD_INDEX = OFF, STATISTICS_NORECOMPUTE = OFF, IGNORE_DUP_KEY = OFF, ALLOW_ROW_LOCKS = ON, ALLOW_PAGE_LOCKS = ON)
)

GO
/****** Object:  Table [dbo].[UserRoles]    Script Date: 7/18/2016 1:52:23 PM ******/
SET ANSI_NULLS ON
GO
SET QUOTED_IDENTIFIER ON
GO
CREATE TABLE [dbo].[UserRoles](
	[UserId] [nvarchar](128) NOT NULL,
	[RoleId] [nvarchar](128) NOT NULL,
 CONSTRAINT [PK_dbo.UserRoles] PRIMARY KEY CLUSTERED 
(
	[UserId] ASC,
	[RoleId] ASC
)WITH (PAD_INDEX = OFF, STATISTICS_NORECOMPUTE = OFF, IGNORE_DUP_KEY = OFF, ALLOW_ROW_LOCKS = ON, ALLOW_PAGE_LOCKS = ON)
)

GO
/****** Object:  Table [dbo].[Users]    Script Date: 7/18/2016 1:52:23 PM ******/
SET ANSI_NULLS ON
GO
SET QUOTED_IDENTIFIER ON
GO
CREATE TABLE [dbo].[Users](
	[Id] [nvarchar](128) NOT NULL,
	[FirstName] [nvarchar](max) NOT NULL,
	[LastName] [nvarchar](max) NOT NULL,
	[Gender] [nvarchar](max) NOT NULL,
	[DOB] [nvarchar](max) NOT NULL,
	[Specialty] [nvarchar](max) NULL,
	[Email] [nvarchar](256) NULL,
	[PhoneNumber] [nvarchar](max) NULL,
	[EmailConfirmed] [bit] NOT NULL,
	[PasswordHash] [nvarchar](max) NULL,
	[SecurityStamp] [nvarchar](max) NULL,
	[PhoneNumberConfirmed] [bit] NOT NULL,
	[TwoFactorEnabled] [bit] NOT NULL,
	[LockoutEndDateUtc] [datetime] NULL,
	[LockoutEnabled] [bit] NOT NULL,
	[AccessFailedCount] [int] NOT NULL,
	[UserName] [nvarchar](256) NOT NULL,
 CONSTRAINT [PK_dbo.Users] PRIMARY KEY CLUSTERED 
(
	[Id] ASC
)WITH (PAD_INDEX = OFF, STATISTICS_NORECOMPUTE = OFF, IGNORE_DUP_KEY = OFF, ALLOW_ROW_LOCKS = ON, ALLOW_PAGE_LOCKS = ON)
)

GO
/****** Object:  Table [dbo].[UserSupporterCareTeams]    Script Date: 7/18/2016 1:52:27 PM ******/
SET ANSI_NULLS ON
GO
SET QUOTED_IDENTIFIER ON
GO
CREATE TABLE [dbo].[UserSupporterCareTeams](
	[UserId] [nvarchar](128) NOT NULL,
	[CareTeamId] [uniqueidentifier] NOT NULL,
 CONSTRAINT [PK_dbo.UserSupporterCareTeams] PRIMARY KEY CLUSTERED 
(
	[UserId] ASC,
	[CareTeamId] ASC
)WITH (PAD_INDEX = OFF, STATISTICS_NORECOMPUTE = OFF, IGNORE_DUP_KEY = OFF, ALLOW_ROW_LOCKS = ON, ALLOW_PAGE_LOCKS = ON)
)

GO
INSERT [dbo].[__MigrationHistory] ([MigrationId], [ContextKey], [Model], [ProductVersion]) VALUES (N'201607121945425_InitialCreate', N'CloudMedicApi.DAL.MyDbContext', 0x1F8B0800000000000400ED1DD96E1CB9F13D40FEA1314F49A09DD148B1E108D22E64C9DA089125C3232FF22650DDD4A8E13E66FBF04A08F26579C827E51742F6C9BBC9BEC7090C181A36592C16ABC8AA62B1F89F7FFDFBF4A717DFB3BEC12876C3E06CB15E1E2E2C18D8A1E306DBB3459A3CFDF06EF1D38FBFFFDDE907C77FB17E29EB1DE37AA865109F2D9E936477B25AC5F633F441BCF45D3B0AE3F02959DAA1BF024EB83A3A3CFCCB6ABD5E410462816059D6E9E734485C1F663FD0CF8B30B0E12E4981F73174A01717E5E8CB26836ADD021FC63B60C3B3C58517A6CE47E8B8F6F9CE5D5E9EDF2CAC73CF0508910DF49E1616088230010942F3E44B0C37491406DBCD0E1500EFFE750751BD27E0C5B040FFA4AEAE3B92C3233C9255DDB00465A77112FA8600D7C70569566CF356045E54A443C4FB80889CBCE251670444B40311BC87C05F586C6727175E842B0AE8BB2C5B1D58D4B7838A1D10D7E07FE87BEA256904CF02982611F00EAC4FE9A3E7DA7F83AFF7E157189C05A9E79118221CD137AA00157D8AC21D8C92D7CFF0A9C0FBDA59582BBADD8A6D583523DAE423FA3975D1DFB7A86FF0E8C16AFE57CAE6F8FF12006222240E0BEB2378B981C136793E5BA03F17D695FB029DB2A480FA257091F4A04649943676726E27EEB7AA9BF761E8411034A37A0BBEB9DB6CDA18789F50210C9285F5197AD9F7F8D9DDE582B13CDFEDD05464A5482EA287A26E39B9311A4E14FA9F43DC6D53DD877B106D21EAE73ED46CB009D3C8361949147E731DC45F7A63296AEB0D86ADDC3C1AAE85E97036E96E174689EE78AAEA5A03E26B378E48D04434A4D355BD8428171606BEFEFA92AFF72C01F675A5112C14EBA3775A0B85E1F274E54671D2D31A65D8F50D98AAE79F61E060E61ABBDFCBBBF7E377BAD9411BE92CC9EBE0BBD0071FB89EA297A3376F7BE8E5D37318C0DBD47FEC650635468494CA2737F2A163BCBF72BB6A1CFF1646CE5F41FC3C38EA1B68A7115A5C3709F07783F7464C4A6FE4BAFF2DBC027612461F02DCAA33BC9BD0FE1AA6C987C0B90409FC92D82540FCF3DEF5F501F482CEB96DC338BE420C069D8B30C5DA560EF03A488E8F8CC1E1EDAE6135D595BFD66AE385075C5F4F3329ABCAB591BC46A54EC83490A25AA9A8E8A27A136EDD400FD5B2AA1CD5BC4623AA4535535479057B68ADBC692052355E5F2B87B11DB9BB6C10C2F190351E2A73A41E83E83BA7AD0A2BB5B5200CE9DFCD92689C01A9EDA13B2C0C576F28454D39FA59854694F35AA6688A2C98310C9FA6D1286CA55686CFB503B3220C3C5BD254A6CFC7CA73731EEF6E61B22C5B2F73B857118289348DAF4B0EEC81A5DDB8B6968E74ADA5E3F5E3D3F1BB376F8173FCF6CFF0F8CDF896936CF324C8B8412A054426008CD0BEEFA06501CD6250CF80CE463B85A5964D1FEE7470652EEBE917E0A57D77D54A1AB25DB37F69C8C0CE5F1A3234CBD59E9D38618BB23202AF55BFE467539963301B5B1CA8618EDDF9386B80B6B8907A8E994B9E6C399DB38CC4A20D2BB2ED3BB8EB2FC3186C875F62AF22F86B0A037B78A70CB2FFA3045BB8C33B4B72C37AF07E6EC304EBA303F78287123E65D4E3FD04A64C95C142F4318724558C33312DCEF7040A71FDF98131B66A35585687B3A3A4158D6D29C5B9522B8B8F55D3956661ABB595A4B3C9CA5AB79B6E5DAD7168B3AAD2AD3BACA999AEEDDAA39C845EA09AFD77D2C191D1491059F66E94D8CEDA36EEA77F651B439DBFAE2DD6848555F180DAC8D454C66389EF5C14D66710F9006B3F46CA6AD16A4245B5C0A095924AB49D7B3CC94D586E79D3DAFFFDAF46FBB112ED4BF4C0D4074E7839156FBBE47C3F14D5EA0D97FFCA6DB5822A269BEC791C87B69B61250E6D294FC0E891221BC1D23B0ECB692EF07DA319401CEAE23284179AFA05CB6F77C125F460022D1C3686C30B2F406C0387A73B1A9B63885F653AD4F8095CDB34867FE23A46920023DC0AE0D3F718C9991B24BCD8B881EDEE80A74531A6B5A6D8612254FDB05F2EE10E0792048916497410906A20ABAA2F66869A2875BA2238D18C418B734F5D06600F41E7C6A0CCE9AB84410B6FF3280C4A536C0206A549B2770CCA9D71EBB282FCC05B9B690F97CB35C715063D0AD8B00EAA56729F01C1A4B6A70CED6643B44697748C18D1A6D9ED5477427BB6FBA28BD0D5244357ED776A856A337C01298C19B28B6471D10BDA8C2E0F65D01E8A8A5A0641D8434A9638464217692660626E3B251DA921D92873D36C947D9222D704DB24458FBDDB2505A130BA8CA08A8B19449A55371086146781B5284359653AF29222929281A45861B08E2FC2722A8D20BF724AE8742E76ED0E22BCB9EB00B549500B18955ADBEBE5232E832F89C0F785C653B8BFE2C27DC2320486B981097755AF76547072C409280DA3F09F700038C96F80C37902444005EE0203B065B0AE126C61E43580A5153A0E20FDB90116A92C7390C88F06432DE2329523CD45BC69A095379E1F64F5A901461332424408B1A821C922C589CAEA9872566EB57D6AD5982A8EE7D6006DFF17014BC4F5ECBA4E53A205954ABE6FA692C8AD63E2D8E94425C60923A1523998DEA9C447C537D34BED6568E767E84443A92F81802A5DDACD69283FC0E669A7E77030733910A3922F94660E0602A472153727963888852754B30742DF07A1391A7DA7431377F62188FCF5080D49547B255AFA25BAC9A2D4FD308C304AEE6634D34EE0A030705174A211ED4E902CF9C5407A2790E8224833B59A6CE6B65673273A2A8CE361984D7486CAD3AEC976D6B59E8931089941D7D8ED89C1CA83DDCA3AABBE9DAEF2643245C1E94A9275E6F423D8EDDC604B64A1294AAC4D9182E6878D7972163F87B1B2293AB3B664D5531246600B99AF799C5C76F7FF1224E011E043F70BC7E7AA91B6A8C400287B62CC4D7EEE4ACBA06C80FF2E2F9CC852C5082CF6A2F9151A968F6DFEEC3A8F4800B8A6164E03043C100922272E422FF503B9FB41DE3A8F8120DBE725FA10CAEC2D248CB28C8772BA6228C0F9293852734E247AEAB4265626D926B3CAFA0BCC27B711C230734C64C9208110C5FAB0EAB41724A8BA541F5299C682845396E943C992529020B202FDF6447E09120A51AC0FABC82041C2298AF46150F9214848D407439C88A4061C72C437032CA95C10149AD4178379A0133E5073417F6A454B0905C435F47BE0933C90D0F9AF0672C6A77BA0048EFFDC02B60067F69BC93EC06584A0B704EEB33EEC3A3D0409B22E9DCD3E23F09675DB74787FB2F9B6A30163988DA73C496427CD0C0A7175980444141BC22A2E0773C08AF2593293D4EFD99699F253846ECC2481215F77A83BB7F4B2A3BC282C87495DA4A59676D54562393C33969D883128475937965081D2E0067573F9A4D1375EE97953DDA655412D2FBF52DA605166A02CD7775B2965B92E36506AEADBAB944253171B2872E5FD544A832B0B0D0CBEFCFE2965F1E5450694266F9752E4263F98C2CB6E98F2D0B2E2D9881EE1C4EF267872401A62A76A2C23327D2192A4B3EAA2A50A2275339231E3EA0F069B7376FB91DA96433E8C64C2C9E73D72FDEDC7D91173B7ED580C6258E5AC8C3721A1C86250A6DB2FCB38808E7BA5048CCE3E296D2A375EEB0B77B4C92ABBC4A782D6DDCD575FAA63CC45C989E66493DDA76076144A33811CCB913BF4BCD08712F4E434873418786005AD75DDE9F83086F55F68863FF0F4D49ACDF2985A1C9C47A0D303A6D278C1D67CA7C4F0220C1C378B47BD8EF165C8EA22A4DEF8D9632C63A692C778E829606C2B132347303D4D31219AD3A2A3AF3DA8553743BE6A8A3CD144BC8B75D79DCF3489D399E9C4B132BAA676DDA223B3A94261A65FA954913F7BC14D03AE5A1A4145467B21DFBCE1F8B1CBDE288B476AC972F22B27DD3646597C534B344B3866A8F6CE29A2A820135611B5D7E415FEF647F32CC8238AE6C52DF208A599B10B17DCC356A934FCA2A4FA5D05F71481351AEF4CB1913679958555CAD6D962F31A27D05FE20ACBCDAFDE85976F6C65858F20709F609CE4F945164787EB23E6ADAAF9BC1BB58A63874AADA3783C8A9EB41112A3A481FB6B0ADDCCB67C72F13149877C27C13710D9CF20FA830F5EFE4842327FB0E9D14D5A3C2651EFAB3442824B43D781035FCE16FFC8DA9E58D77F7FA89B1F58771162B213EBD0FA279F334635ACD6AFFA8C3EF13569E4E36BF75C8E940B5A3D81D30D1AFDAC4D3758C45335DD0071CFCF74921BEA8919E1AC663987CC800A5E94E98E24F70C4A3B21E75F8CE9849AF055984E10552FBFB419B2ECD59736B0A42FBE38E867C2E45FD5CC8B267801A60D6AD2D75FDCC01C581DC663BA13942DB3E20364C77DC9B6C813EB1E5183D90F18C9EA92FFAF219E668C2DC1AD5C07AAA7003AE50537DA90F3A6BA9B71BB17033A093AFF2A8001B80E99FF5B70C69E25CDEF4D3BF9C4E7C4EF0DF694ACDD2E117E0BC61926117D67B3834E4ADF498AB9C4F3DDD40936B97C37BD894E20DF09169524BE132441227891FAD02E117C6B485227BD8CE534E4540293165C43ED708FAC545948D054B9D63B2F1B82BCEBDD340022B7FAD07B3F7FF03FD31CDE532B7974666F236CF2A6A3ECCBC2E09D29726ECFC705C8E6D81E52A2DA4AD34CBC6EED6C5B3CE8096C5BAD33C2DE1733F949C9BE2D68E4483A2833351899FE32C024AFFF3FCB7B3CCB7DE76C9F416A4F41323575AAB531127A8E99035075EBCF4014E79F7F7D66CC56A4D85327E0FB1E994D762B70E6CCD636977A8F39D3EBCC35E6B95EF7885914A94D04C68F329270043EE99042BE9F6CF1744A3369FECD41B84379C3CCCC0564C4220D574A553D37C6338FC03346E9F5875B4FA6E49C09D61563A6997C6D6917133B6B154866FC2B30FBFE7638CD28E93D508AB4A29FDBAA30FF332C68C40013F29E3ADA7802FE337A556406AB1F9F795C9996FC7B59EF342EA1CF7CA1D3BC60306BE693BA643516BEF5F7C38CBAD74EF69229F777FB9D940D67B001EBF1DFE43B70CB8780E6F2F6CF941B6F43C68779ECBA933FEEC3E75D66E7B4B840C85E96523DDF93DF283B5B388F219AF9FCDC8BB899C87948E82EB8ED9AEB89AB21EA5098D0BCF90920BD1780641D4ADE5351F55A9C3D287B2DEAC87A95BC4FC2F66AF48090A82F26AB424377DA6F0C89BAAABF9B51335F5094C4CCABC86829CECBCE9152E789222109F3AFAE461FF4BA2D1D927C387A4391DADE4D62A796775C437083BD1D326B7D6CD6727444B7A4197C267E018A7A2D80FBC66D12CA73750252F31366737EF0A917A250ABAC24ED69FF4419F77DA7D68462657E6F9F6C6AF33A936857DCA3A798FAE281B1C8A07DC8D2E60126491A8A01C8D5B06B2AB3B38C41C4F2F599364414E7C868BB5ECC986C43BD56D5CB8E45AA7DE2C4A0FD1344F154549B47AA2617C7B50E63F167F68310525F22B5D3D60C2992A3916EE057BD842224129F5104D1E0152F3EA1CFE9EA731AE0DB79F9AF4B18BBDB1A044E7F16409B72FB5475AE83A7B0F43E31189555B81B6009704002CEA3C47D0276823EE30C016EB05D58D9AD6B9C57E2113AD7C15D9AECD2040D19FA8F1E755D197BB154FD674F95D1389FDEE5EA5E1F434068BAF842E35DF03E753DA7C2FB4A10822D0181DD63C57D7C3C9709BE97BF7DAD20DD868126A0827C9557EF1EFA3B0F018BEF820DC09977CC7143EC7703B7C07EADEF6FCB80344F044DF6D34B176C23B4F01430EAF6E827E261C77FF9F1BFBF632F0B65B50000, N'6.1.3-40302')
INSERT [dbo].[CareTeams] ([Id], [Name], [Active], [Patient_Id]) VALUES (N'126e0d25-38bd-45a5-9572-01196f9ef204', N'The Avengers', 1, N'3e9aea95-fb2f-4ddb-bf83-df56fa55e25f')
INSERT [dbo].[CareTeams] ([Id], [Name], [Active], [Patient_Id]) VALUES (N'4824f6ad-2afc-4a9c-ad2b-4c4e0bc9b4d3', N'Justice League', 1, N'5d66bbee-7760-40a5-b92e-027bb4f47460')
INSERT [dbo].[CareTeams] ([Id], [Name], [Active], [Patient_Id]) VALUES (N'5f94bffc-22f3-45d1-b817-96aaed2f4834', N'Suicide Squad', 1, N'3e9aea95-fb2f-4ddb-bf83-df56fa55e25f')
INSERT [dbo].[Medications] ([MedicationId], [GenericName], [Code]) VALUES (N'94dcc132-dccf-4000-accb-5a0e6a406f0f', N'Loratadine', N'52411')
INSERT [dbo].[Medications] ([MedicationId], [GenericName], [Code]) VALUES (N'7fda656c-4382-4b02-9b80-6f21577605a4', N'Aspirin', N'50410')
INSERT [dbo].[Medications] ([MedicationId], [GenericName], [Code]) VALUES (N'88549297-98b3-47c0-a9e2-a1aa4d324e4e', N'Acetaminophen', N'50005')
INSERT [dbo].[Medications] ([MedicationId], [GenericName], [Code]) VALUES (N'956552e3-cf04-4cf3-9acd-a8f09177e5bc', N'Insulin', N'52790')
INSERT [dbo].[Medications] ([MedicationId], [GenericName], [Code]) VALUES (N'473be3fa-4135-47eb-b33e-bb5923844333', N'Hydrocortisone', N'50161')
INSERT [dbo].[Medications] ([MedicationId], [GenericName], [Code]) VALUES (N'c85c843d-2eca-4842-a272-ecc229e923d1', N'Ibuprofen', N'52730')
INSERT [dbo].[Prescriptions] ([PrescriptionId], [Dosage], [Frequency], [StartDate], [EndDate], [Notes], [DateofStart], [DateofEnd], [Medication_MedicationId], [Patient_Id]) VALUES (N'f8751732-a690-4b47-95d8-712acfc78d25', N'Every 6 hours', N'2 mg', N'8/20/2015 12:00:00 AM', N'10/24/2015 12:00:00 AM', N'Brand names: Tylenol, Panadol, Mapap, Tempra, Ofirmev, Feverall, Formula: C8H9NO2; Pregnancy risk: Category C(Risk cannot be ruled out)Medication = meds[4]', CAST(N'2015-08-20T00:00:00.000' AS DateTime), CAST(N'2015-10-24T00:00:00.000' AS DateTime), N'c85c843d-2eca-4842-a272-ecc229e923d1', N'9e83cca5-e1aa-44cb-9ec7-cc7771e2da28')
INSERT [dbo].[Prescriptions] ([PrescriptionId], [Dosage], [Frequency], [StartDate], [EndDate], [Notes], [DateofStart], [DateofEnd], [Medication_MedicationId], [Patient_Id]) VALUES (N'69957c4f-1504-49b8-807b-a82a0efda411', N'Twice a day', N'2 tablets', N'7/25/2015 12:00:00 AM', N'8/31/2015 12:00:00 AM', N'Stop using this medication and call your doctor at once if you have any of these serious side effects: black, bloody, or tarry stools; coughing up blood or vomit that looks like coffee grounds; severe nausea, vomiting, or stomach pain; fever lasting longer than 3 days;swelling, or pain lasting longer than 10 days', CAST(N'2015-07-25T00:00:00.000' AS DateTime), CAST(N'2015-08-31T00:00:00.000' AS DateTime), N'473be3fa-4135-47eb-b33e-bb5923844333', N'3e9aea95-fb2f-4ddb-bf83-df56fa55e25f')
INSERT [dbo].[Prescriptions] ([PrescriptionId], [Dosage], [Frequency], [StartDate], [EndDate], [Notes], [DateofStart], [DateofEnd], [Medication_MedicationId], [Patient_Id]) VALUES (N'bc090ab1-7ab9-4d5d-958a-aaf8117a47e3', N'Once a day', N'1 mg', N'7/20/2015 12:00:00 AM', N'7/24/2015 12:00:00 AM', N'Brand names: Solu-cortef, Anucort-hc, Locoid, Westcort, Cortifoam, Pandel, A-hydrocort, Colocort, U-cort, Caldecort, Alacort, Procto-Kit, MiCort-HC, Cortef, CortAlo, Proctocort, Texacort, Hytone, Maximum-H, Theracort, Poli-A', CAST(N'2015-07-20T00:00:00.000' AS DateTime), CAST(N'2015-07-24T00:00:00.000' AS DateTime), N'956552e3-cf04-4cf3-9acd-a8f09177e5bc', N'7d4aa9f6-5513-41a9-b7d6-785814226156')
INSERT [dbo].[Prescriptions] ([PrescriptionId], [Dosage], [Frequency], [StartDate], [EndDate], [Notes], [DateofStart], [DateofEnd], [Medication_MedicationId], [Patient_Id]) VALUES (N'0f19d874-6ab2-4d23-b653-ae49bbd9a80a', N'Once a week', N'5 mg', N'7/26/2015 12:00:00 AM', N'10/24/2015 12:00:00 AM', N'Brand names: Advil, Midol, NeoProfen, Caldolor, Motrin, Ibu', CAST(N'2015-07-26T00:00:00.000' AS DateTime), CAST(N'2015-10-24T00:00:00.000' AS DateTime), N'88549297-98b3-47c0-a9e2-a1aa4d324e4e', N'4cf23dbe-6234-4091-8ba2-9ae761a1b464')
INSERT [dbo].[Prescriptions] ([PrescriptionId], [Dosage], [Frequency], [StartDate], [EndDate], [Notes], [DateofStart], [DateofEnd], [Medication_MedicationId], [Patient_Id]) VALUES (N'1c2dc8a9-c6ef-4255-922e-e0881457689a', N'Once a week', N'5 mg', N'7/26/2015 12:00:00 AM', N'10/24/2015 12:00:00 AM', N'Brand names: Advil, Midol, NeoProfen, Caldolor, Motrin, Ibu', CAST(N'2015-07-26T00:00:00.000' AS DateTime), CAST(N'2015-10-24T00:00:00.000' AS DateTime), N'7fda656c-4382-4b02-9b80-6f21577605a4', N'3e9aea95-fb2f-4ddb-bf83-df56fa55e25f')
INSERT [dbo].[Prescriptions] ([PrescriptionId], [Dosage], [Frequency], [StartDate], [EndDate], [Notes], [DateofStart], [DateofEnd], [Medication_MedicationId], [Patient_Id]) VALUES (N'602b5ee1-fdba-46b4-98a1-f7b641d4f5a5', N'Once a day', N'2 pills', N'7/23/2015 12:00:00 AM', N'9/24/2015 12:00:00 AM', N'Brand names: Solu-cortef, Anucort-hc, Locoid, Westcort, Cortifoam, Pandel, A-hydrocort, Colocort, U-cort, Caldecort, Alacort, Procto-Kit, MiCort-HC, Cortef, CortAlo, Proctocort, Texacort, Hytone, Maximum-H, Theracort, Poli-A', CAST(N'2015-07-23T00:00:00.000' AS DateTime), CAST(N'2015-09-24T00:00:00.000' AS DateTime), N'94dcc132-dccf-4000-accb-5a0e6a406f0f', N'22809d55-cbfb-4d4c-b6d9-3cfa0df41a92')
INSERT [dbo].[Roles] ([Id], [Name]) VALUES (N'0', N'Patient')
INSERT [dbo].[Roles] ([Id], [Name]) VALUES (N'1', N'Physician')
INSERT [dbo].[Roles] ([Id], [Name]) VALUES (N'2', N'Nurse')
INSERT [dbo].[Roles] ([Id], [Name]) VALUES (N'3', N'SysManager')
INSERT [dbo].[Roles] ([Id], [Name]) VALUES (N'4', N'SysAdmin')
INSERT [dbo].[Roles] ([Id], [Name]) VALUES (N'5', N'Supporter')
INSERT [dbo].[UserProviderCareTeams] ([UserId], [CareTeamId]) VALUES (N'1a88e0b0-4300-433f-b86f-3e06153313e1', N'126e0d25-38bd-45a5-9572-01196f9ef204')
INSERT [dbo].[UserProviderCareTeams] ([UserId], [CareTeamId]) VALUES (N'1a88e0b0-4300-433f-b86f-3e06153313e1', N'4824f6ad-2afc-4a9c-ad2b-4c4e0bc9b4d3')
INSERT [dbo].[UserProviderCareTeams] ([UserId], [CareTeamId]) VALUES (N'2a8dc727-934d-4826-862e-dda96d1b2761', N'5f94bffc-22f3-45d1-b817-96aaed2f4834')
INSERT [dbo].[UserProviderCareTeams] ([UserId], [CareTeamId]) VALUES (N'2ca3038f-48c6-430f-af65-c474d2eab4d0', N'5f94bffc-22f3-45d1-b817-96aaed2f4834')
INSERT [dbo].[UserProviderCareTeams] ([UserId], [CareTeamId]) VALUES (N'334963ec-3088-42e5-b1cc-3e8308640fef', N'126e0d25-38bd-45a5-9572-01196f9ef204')
INSERT [dbo].[UserProviderCareTeams] ([UserId], [CareTeamId]) VALUES (N'334963ec-3088-42e5-b1cc-3e8308640fef', N'5f94bffc-22f3-45d1-b817-96aaed2f4834')
INSERT [dbo].[UserProviderCareTeams] ([UserId], [CareTeamId]) VALUES (N'41a3b938-4f0a-4a82-9250-dd7815f240d0', N'4824f6ad-2afc-4a9c-ad2b-4c4e0bc9b4d3')
INSERT [dbo].[UserProviderCareTeams] ([UserId], [CareTeamId]) VALUES (N'458ab501-6480-4971-b250-0d503b248705', N'4824f6ad-2afc-4a9c-ad2b-4c4e0bc9b4d3')
INSERT [dbo].[UserProviderCareTeams] ([UserId], [CareTeamId]) VALUES (N'5fbb66cd-35eb-4fec-9d01-517d20773048', N'5f94bffc-22f3-45d1-b817-96aaed2f4834')
INSERT [dbo].[UserProviderCareTeams] ([UserId], [CareTeamId]) VALUES (N'6cef3b9a-6ea6-427e-8725-e86b5f5520fb', N'4824f6ad-2afc-4a9c-ad2b-4c4e0bc9b4d3')
INSERT [dbo].[UserProviderCareTeams] ([UserId], [CareTeamId]) VALUES (N'7d8f57d3-be86-4fc6-bbb6-4ba771752573', N'126e0d25-38bd-45a5-9572-01196f9ef204')
INSERT [dbo].[UserProviderCareTeams] ([UserId], [CareTeamId]) VALUES (N'7d8f57d3-be86-4fc6-bbb6-4ba771752573', N'4824f6ad-2afc-4a9c-ad2b-4c4e0bc9b4d3')
INSERT [dbo].[UserProviderCareTeams] ([UserId], [CareTeamId]) VALUES (N'7d9ed6ac-9957-49fa-8712-3efbffaeeea0', N'126e0d25-38bd-45a5-9572-01196f9ef204')
INSERT [dbo].[UserProviderCareTeams] ([UserId], [CareTeamId]) VALUES (N'7d9ed6ac-9957-49fa-8712-3efbffaeeea0', N'4824f6ad-2afc-4a9c-ad2b-4c4e0bc9b4d3')
INSERT [dbo].[UserProviderCareTeams] ([UserId], [CareTeamId]) VALUES (N'8e53b979-381a-47b4-be82-94d97ee311b4', N'5f94bffc-22f3-45d1-b817-96aaed2f4834')
INSERT [dbo].[UserProviderCareTeams] ([UserId], [CareTeamId]) VALUES (N'9c223472-22af-4d28-8285-3a535bf9cdf4', N'5f94bffc-22f3-45d1-b817-96aaed2f4834')
INSERT [dbo].[UserProviderCareTeams] ([UserId], [CareTeamId]) VALUES (N'b3d31d77-1ca8-45ae-ac03-fb533840c628', N'126e0d25-38bd-45a5-9572-01196f9ef204')
INSERT [dbo].[UserProviderCareTeams] ([UserId], [CareTeamId]) VALUES (N'b3d31d77-1ca8-45ae-ac03-fb533840c628', N'4824f6ad-2afc-4a9c-ad2b-4c4e0bc9b4d3')
INSERT [dbo].[UserRoles] ([UserId], [RoleId]) VALUES (N'1a88e0b0-4300-433f-b86f-3e06153313e1', N'1')
INSERT [dbo].[UserRoles] ([UserId], [RoleId]) VALUES (N'22809d55-cbfb-4d4c-b6d9-3cfa0df41a92', N'0')
INSERT [dbo].[UserRoles] ([UserId], [RoleId]) VALUES (N'2720600a-8a6b-4073-be94-9b2dfdeb97e5', N'5')
INSERT [dbo].[UserRoles] ([UserId], [RoleId]) VALUES (N'2a8dc727-934d-4826-862e-dda96d1b2761', N'2')
INSERT [dbo].[UserRoles] ([UserId], [RoleId]) VALUES (N'2ca3038f-48c6-430f-af65-c474d2eab4d0', N'2')
INSERT [dbo].[UserRoles] ([UserId], [RoleId]) VALUES (N'334963ec-3088-42e5-b1cc-3e8308640fef', N'2')
INSERT [dbo].[UserRoles] ([UserId], [RoleId]) VALUES (N'3e9aea95-fb2f-4ddb-bf83-df56fa55e25f', N'0')
INSERT [dbo].[UserRoles] ([UserId], [RoleId]) VALUES (N'41a3b938-4f0a-4a82-9250-dd7815f240d0', N'1')
INSERT [dbo].[UserRoles] ([UserId], [RoleId]) VALUES (N'458ab501-6480-4971-b250-0d503b248705', N'2')
INSERT [dbo].[UserRoles] ([UserId], [RoleId]) VALUES (N'4cf23dbe-6234-4091-8ba2-9ae761a1b464', N'0')
INSERT [dbo].[UserRoles] ([UserId], [RoleId]) VALUES (N'5556ca26-c964-47fc-947c-aa348ff47ba7', N'5')
INSERT [dbo].[UserRoles] ([UserId], [RoleId]) VALUES (N'5d66bbee-7760-40a5-b92e-027bb4f47460', N'0')
INSERT [dbo].[UserRoles] ([UserId], [RoleId]) VALUES (N'5fbb66cd-35eb-4fec-9d01-517d20773048', N'2')
INSERT [dbo].[UserRoles] ([UserId], [RoleId]) VALUES (N'67f09943-79de-4802-bac2-1a7c8a5e5575', N'5')
INSERT [dbo].[UserRoles] ([UserId], [RoleId]) VALUES (N'6a1810e2-61f6-4812-8e75-25ba5271b08a', N'5')
INSERT [dbo].[UserRoles] ([UserId], [RoleId]) VALUES (N'6cef3b9a-6ea6-427e-8725-e86b5f5520fb', N'2')
INSERT [dbo].[UserRoles] ([UserId], [RoleId]) VALUES (N'748476b7-4754-41c4-8870-b819fb244b83', N'4')
INSERT [dbo].[UserRoles] ([UserId], [RoleId]) VALUES (N'7d4aa9f6-5513-41a9-b7d6-785814226156', N'0')
INSERT [dbo].[UserRoles] ([UserId], [RoleId]) VALUES (N'7d8f57d3-be86-4fc6-bbb6-4ba771752573', N'2')
INSERT [dbo].[UserRoles] ([UserId], [RoleId]) VALUES (N'7d9ed6ac-9957-49fa-8712-3efbffaeeea0', N'2')
INSERT [dbo].[UserRoles] ([UserId], [RoleId]) VALUES (N'8e53b979-381a-47b4-be82-94d97ee311b4', N'1')
INSERT [dbo].[UserRoles] ([UserId], [RoleId]) VALUES (N'956e3401-cf1c-4f5a-99ef-062c9afb992b', N'5')
INSERT [dbo].[UserRoles] ([UserId], [RoleId]) VALUES (N'9c223472-22af-4d28-8285-3a535bf9cdf4', N'1')
INSERT [dbo].[UserRoles] ([UserId], [RoleId]) VALUES (N'9e83cca5-e1aa-44cb-9ec7-cc7771e2da28', N'0')
INSERT [dbo].[UserRoles] ([UserId], [RoleId]) VALUES (N'b3d31d77-1ca8-45ae-ac03-fb533840c628', N'1')
INSERT [dbo].[UserRoles] ([UserId], [RoleId]) VALUES (N'c3de68db-5380-4ab5-b416-577fd58db601', N'5')
INSERT [dbo].[UserRoles] ([UserId], [RoleId]) VALUES (N'e7e7e3ac-e539-4b67-bb83-66ffa2e59c7c', N'5')
INSERT [dbo].[Users] ([Id], [FirstName], [LastName], [Gender], [DOB], [Specialty], [Email], [PhoneNumber], [EmailConfirmed], [PasswordHash], [SecurityStamp], [PhoneNumberConfirmed], [TwoFactorEnabled], [LockoutEndDateUtc], [LockoutEnabled], [AccessFailedCount], [UserName]) VALUES (N'1a88e0b0-4300-433f-b86f-3e06153313e1', N'zbIAAgQYgD0Tv5jRCBayLdbYAiC9b9LDRWZxiO20zn7baqxBAL4v0DErI82oWxwgNrRJSb5WfiFQJ2ry', N'zbIAAgQYgD0Tv5jRCBayLdbYAiC9b9LDRWZxiO20zn7baqxBAL840ig0PTy4sn3ZNaYLLzRhfUO7v3Q=', N'zbIAAgQYgD0Tv5jRCBayLdbYAiC9b9LDRWZxiO20zn7baqxBAJY23Tl1ecTX479bV/958xQH+h5Y', N'zbIAAgQYgD0Tv5jRCBayLdbYAiC9b9LDRWZxiO20zn7baqxBAMh4gnNqdp3Eomq1SzI4wy6RW/NN7NhLtkF7nDFYKdq+aoC5wg==', N'zbIAAgQYgD0Tv5jRCBayLdbYAiC9b9LDRWZxiO20zn7baqxBAHsO8kl+AP5goDO03hN7+1w=', N'zbIAAgQYgD0Tv5jRCBayLdbYAiC9b9LDRWZxiO20zn7baqxBAJ840ig0PeiR+jrqAW5t133OFrZLUJV2JurflQkREdbMI9U=', N'zbIAAgQYgD0Tv5jRCBayLdbYAiC9b9LDRWZxiO20zn7baqxBANNmg29yb5zBtHawSTs4Otse+GbYswJHfHx72gbwqA==', 1, N'AHACh2zRuCnTBAfGBAgpQStqJ+TZr5RY5pswH77sjT28KDHL2Q3PeVKlzCcE0mNnLA==', N'a5a2efa4-7e3d-4de9-bd32-b047238feede', 1, 0, NULL, 0, 0, N'Doctor1')
INSERT [dbo].[Users] ([Id], [FirstName], [LastName], [Gender], [DOB], [Specialty], [Email], [PhoneNumber], [EmailConfirmed], [PasswordHash], [SecurityStamp], [PhoneNumberConfirmed], [TwoFactorEnabled], [LockoutEndDateUtc], [LockoutEnabled], [AccessFailedCount], [UserName]) VALUES (N'22809d55-cbfb-4d4c-b6d9-3cfa0df41a92', N'zbIAAgQY1PWsGhKJkIFHee2PAiBs9m9qPUVyUb/ywWRv3k+pAFfNvGGIGFf3V23/g2bCdwA8YGs=', N'zbIAAgQY1PWsGhKJkIFHee2PAiBs9m9qPUVyUb/ywWRv3k+pAF3LsExruJN75euIZvkNBNsDiqyHyROY', N'zbIAAgQY1PWsGhKJkIFHee2PAiBs9m9qPUVyUb/ywWRv3k+pAGLFvkxr5eCG+E/aUNJh1atsFjj1', N'zbIAAgQY1PWsGhKJkIFHee2PAiBs9m9qPUVyUb/ywWRv3k+pAD6d4RE0/NR7QPpBbgwfAE/+He9yK1/ZONeHxxak9ooz7MziNz+uF+wojHx5', N'zbIAAgQY1PWsGhKJkIFHee2PAiBs9m9qPUVyUb/ywWRv3k+pAESe0guT/etMv/ntSexW0U8=', N'zbIAAgQY1PWsGhKJkIFHee2PAiBs9m9qPUVyUb/ywWRv3k+pAFfNvHt2roUkBrghZwsXDD2nQbQpeAqKa4jV3SXUniNqkEJhpRaz5H8/wmC/9g==', N'zbIAAgQY1PWsGhKJkIFHee2PAiBs9m9qPUVyUb/ywWRv3k+pACeX6hEw7NlkS+YmbwsUca1K/tOafvkMw8sVnDoUNA==', 1, NULL, N'020b3d8a-cbe1-4d42-9abb-8eb6a4bd3a35', 1, 0, NULL, 0, 0, N'XinRoberts49128')
INSERT [dbo].[Users] ([Id], [FirstName], [LastName], [Gender], [DOB], [Specialty], [Email], [PhoneNumber], [EmailConfirmed], [PasswordHash], [SecurityStamp], [PhoneNumberConfirmed], [TwoFactorEnabled], [LockoutEndDateUtc], [LockoutEnabled], [AccessFailedCount], [UserName]) VALUES (N'2720600a-8a6b-4073-be94-9b2dfdeb97e5', N'zbIAAgQYdA5Gvsvlc+apTxtKAiBfRgiX95FM/iUWiHjpgXL9AEsV//qrVLEwBcHT7pRuNvPBMaJRKA==', N'zbIAAgQYdA5Gvsvlc+apTxtKAiBfRgiX95FM/iUWiHjpgXL9AEgE6P+zZzfSQqxjs1l9n2aaje6O2mb2', N'zbIAAgQYdA5Gvsvlc+apTxtKAiBfRgiX95FM/iUWiHjpgXL9AHYR4e1YhtFXa57hGlGLwWWtg6O1', N'zbIAAgQYdA5Gvsvlc+apTxtKAiBfRgiX95FM/iUWiHjpgXL9ACpJv7n/JXADYu5QR1vZPgcxqcfIyxfon0KRQgq/aJnhB/S+RdiBDv0qNVka', N'zbIAAgQYdA5Gvsvlc+apTxtKAiBfRgiX95FM/iUWiHjpgXL9ADKHrV6SjQnIDY9s+NMx71Y=', N'zbIAAgQYdA5Gvsvlc+apTxtKAiBfRgiX95FM/iUWiHjpgXL9AEsV//qrRjdLJ712AlnQPAs82pGKk1q1yhDCGzOD/jz8NtqrF8UC9dIMPYwpJY4E', N'zbIAAgQYdA5Gvsvlc+apTxtKAiBfRgiX95FM/iUWiHjpgXL9ADNCuLr7NXYfZvE1RFraxQ2Lqra/zTpacG6t1Wj8Dg==', 1, NULL, N'c2c0e1ee-6e4c-4543-8c2e-5b5948187a23', 1, 0, NULL, 0, 0, N'PerryStewart13797')
INSERT [dbo].[Users] ([Id], [FirstName], [LastName], [Gender], [DOB], [Specialty], [Email], [PhoneNumber], [EmailConfirmed], [PasswordHash], [SecurityStamp], [PhoneNumberConfirmed], [TwoFactorEnabled], [LockoutEndDateUtc], [LockoutEnabled], [AccessFailedCount], [UserName]) VALUES (N'2a8dc727-934d-4826-862e-dda96d1b2761', N'zbIAAgQYAFDzSSZQ2AfQfQLsAiATkbVvofVow+a5CR1x5WU7ANdqYOQVpD+cjFunO8JxGqEol/SJgg==', N'zbIAAgQYAFDzSSZQ2AfQfQLsAiATkbVvofVow+a5CR1x5WU7AMt9c+kNdaORlTMpuaWSe9yTtBCkQ8g2HP4=', N'zbIAAgQYAFDzSSZQ2AfQfQLsAiATkbVvofVow+a5CR1x5WU7AOV9bOYAfvZ+c+m0JX4o19uCfgTPSOQ=', N'zbIAAgQYAFDzSSZQ2AfQfQLsAiATkbVvofVow+a5CR1x5WU7ALIhN7RBK/HZ3cxsp7HQLLrUaKUTaExrtlhv631iDFiAJWu5uKxFbRhgYyPH', N'zbIAAgQYAFDzSSZQ2AfQfQLsAiATkbVvofVow+a5CR1x5WU7ANXAIevH3cAGwaP2hyBeEnI=', N'zbIAAgQYAFDzSSZQ2AfQfQLsAiATkbVvofVow+a5CR1x5WU7ANdqYOQVU6KGgZ5W8+OQKrzWYKl9PBg8+wk3vUOrwEEzSMrtLv1u0PhDSA2efAezVE0=', N'zbIAAgQYAFDzSSZQ2AfQfQLsAiATkbVvofVow+a5CR1x5WU7AKsrNa5MLfHZ2MYOpTIiiSr9YvnmJRFhQtotGoE=', 1, NULL, N'2d74263b-651c-4b23-9073-5eadfb05614e', 1, 0, NULL, 0, 0, N'TracyHernandez25888')
INSERT [dbo].[Users] ([Id], [FirstName], [LastName], [Gender], [DOB], [Specialty], [Email], [PhoneNumber], [EmailConfirmed], [PasswordHash], [SecurityStamp], [PhoneNumberConfirmed], [TwoFactorEnabled], [LockoutEndDateUtc], [LockoutEnabled], [AccessFailedCount], [UserName]) VALUES (N'2ca3038f-48c6-430f-af65-c474d2eab4d0', N'zbIAAgQYkgGyjuhSWOFF5tUwAiChboPiahHjZ/VjpKrtsS0wACpU6yEYBQOiT9o/T1Pzf7mmtTXiiHk=', N'zbIAAgQYkgGyjuhSWOFF5tUwAiChboPiahHjZ/VjpKrtsS0wAC5O6CoZNzBPQ3QV5CFr8r6u4Fmeag==', N'zbIAAgQYkgGyjuhSWOFF5tUwAiChboPiahHjZ/VjpKrtsS0wAAZZ5SE7rQEekxWRuKaqI0L7eDjw', N'zbIAAgQYkgGyjuhSWOFF5tUwAiChboPiahHjZ/VjpKrtsS0wAFoBsHJHQetQox8uxgTdlCerJM0x+alBa/NOEwBIgCVXw0uXva7CVsYIDPvM', N'zbIAAgQYkgGyjuhSWOFF5tUwAiChboPiahHjZ/VjpKrtsS0wAFMzm8ME84vejkVyPIYek/k=', N'zbIAAgQYkgGyjuhSWOFF5tUwAiChboPiahHjZ/VjpKrtsS0wACpU6yEYBZYL8kMJxQnQnS7RdJlwu/UUNqISQ3QCt9cd9Ci/v5zBt0cbM9VGUA8=', N'zbIAAgQYkgGyjuhSWOFF5tUwAiChboPiahHjZ/VjpKrtsS0wAEMAu3RDUeVMogBOxg/Vf/EAs8nlMUADWaN+JCYzZQ==', 1, NULL, N'a3fcb49f-776d-4719-a7b0-42d734aa0676', 1, 0, NULL, 0, 0, N'AlbertEvans34780')
INSERT [dbo].[Users] ([Id], [FirstName], [LastName], [Gender], [DOB], [Specialty], [Email], [PhoneNumber], [EmailConfirmed], [PasswordHash], [SecurityStamp], [PhoneNumberConfirmed], [TwoFactorEnabled], [LockoutEndDateUtc], [LockoutEnabled], [AccessFailedCount], [UserName]) VALUES (N'334963ec-3088-42e5-b1cc-3e8308640fef', N'zbIAAgQYWAWpBXRebBgOsy/sAiBL7mu1OMfCrrqGtCWAuImVANoFuclF8SyHacCm+b/4ISOzPBUrdzE=', N'zbIAAgQYWAWpBXRebBgOsy/sAiBL7mu1OMfCrrqGtCWAuImVANgFut5cVJJf7XXmbZShtEhyQ08p6w==', N'zbIAAgQYWAWpBXRebBgOsy/sAiBL7mu1OMfCrrqGtCWAuImVAP0Mts1b4Evnkw4MmFQG7ZkrV2wi650=', N'zbIAAgQYWAWpBXRebBgOsy/sAiBL7mu1OMfCrrqGtCWAuImVAKpQ7ZwatNPpygJZ/AUfUT0HamneP4wgEI6TQVvpUWyVOvfrih9mrT4PfaUy', N'zbIAAgQYWAWpBXRebBgOsy/sAiBL7mu1OMfCrrqGtCWAuImVAEaTFiJAJdp463YI/IoPLGw=', N'zbIAAgQYWAWpBXRebBgOsy/sAiBL7mu1OMfCrrqGtCWAuImVANoFuclF8aComkJm+w4TVTp9PTWffdB1Td/PES9O96as5dj+1rtuZPYna49Ve8g=', N'zbIAAgQYWAWpBXRebBgOsy/sAiBL7mu1OMfCrrqGtCWAuImVALNb4psepdX8yh07/AURxFxvuFticPUUPqfF4dNJDA==', 1, NULL, N'3a9bea0f-9dc8-4a34-bd3b-ae73c94b1671', 1, 0, NULL, 0, 0, N'AlbertClark78657')
INSERT [dbo].[Users] ([Id], [FirstName], [LastName], [Gender], [DOB], [Specialty], [Email], [PhoneNumber], [EmailConfirmed], [PasswordHash], [SecurityStamp], [PhoneNumberConfirmed], [TwoFactorEnabled], [LockoutEndDateUtc], [LockoutEnabled], [AccessFailedCount], [UserName]) VALUES (N'3e9aea95-fb2f-4ddb-bf83-df56fa55e25f', N'zbIAAgQYLx/z5DEXqYi+IheFAiA/nPOmp3D5m275DpgsQScnAIYh/JcGiM/kEs0IYtbU6vGSD2LQK5C7', N'zbIAAgQYLx/z5DEXqYi+IheFAiA/nPOmp3D5m275DpgsQScnAJM46ZMTit4hL0XvCGGLY8mxkD6OH8iH', N'zbIAAgQYLx/z5DEXqYi+IheFAiA/nPOmp3D5m275DpgsQScnAK448Z+5w6+eaMDLbmxqTvgxrUPM', N'zbIAAgQYLx/z5DEXqYi+IheFAiA/nPOmp3D5m275DpgsQScnAPB2rtVH3Z8y45I01O7We34eq2jxPPVooB+tNmOdmzr71tN/3Q==', N'zbIAAgQYLx/z5DEXqYi+IheFAiA/nPOmp3D5m275DpgsQScnAD+19lOayfLMp8aerMyr22I=', N'zbIAAgQYLx/z5DEXqYi+IheFAiA/nPOmp3D5m275DpgsQScnALM46ZMTit5Cpttng66KJGBN5ETXVjGXp7PetocOYIS6/KaD', N'zbIAAgQYLx/z5DEXqYi+IheFAiA/nPOmp3D5m275DpgsQScnAOtor8lfxJ439Y4x1ufWa8ovhc3V95UFzzdgCaU1RQ==', 1, N'AFN7JG/Ce4V8C9GU/DzOg2NeNsnz/gZCAh2lHptJN6WyUMwYpvNY07RR0PtEn9BNlg==', N'7e696347-8d85-48a7-9a29-24ff1ed2847a', 1, 0, NULL, 0, 0, N'Patient1')
INSERT [dbo].[Users] ([Id], [FirstName], [LastName], [Gender], [DOB], [Specialty], [Email], [PhoneNumber], [EmailConfirmed], [PasswordHash], [SecurityStamp], [PhoneNumberConfirmed], [TwoFactorEnabled], [LockoutEndDateUtc], [LockoutEnabled], [AccessFailedCount], [UserName]) VALUES (N'41a3b938-4f0a-4a82-9250-dd7815f240d0', N'zbIAAgQYHhxa7SzfhZriJen1AiDmSbjGdaXk35AoykCxLSBAABF17dLD2uFrLfKi7HZoAnUTaliabw==', N'zbIAAgQYHhxa7SzfhZriJen1AiDmSbjGdaXk35AoykCxLSBAABhm5tTU+R3FJnXVcN4KsGg8QCcs7Q==', N'zbIAAgQYHhxa7SzfhZriJen1AiDmSbjGdaXk35AoykCxLSBAADJ179Q2SksC9wqVOxlUpFA9+5ks', N'zbIAAgQYHhxa7SzfhZriJen1AiDmSbjGdaXk35AoykCxLSBAAG4tsYOXfpJNJc2FxjXoErzUZ2wz2g9J7yRaVHoFGmZjpK1qrFsmUbUvgXTw', N'zbIAAgQYHhxa7SzfhZriJen1AiDmSbjGdaXk35AoykCxLSBAABhx7dTILs5ARo6wlHa7QOE8OS/ECEhOA1gE0S5EQ+Qo', N'zbIAAgQYHhxa7SzfhZriJen1AiDmSbjGdaXk35AoykCxLSBAABF17dLDCNAFc5LlxjLlG8SNODdoiVoVs3oOSklnDBzxdGovsQhXih4X+gmxbg==', N'zbIAAgQYHhxa7SzfhZriJen1AiDmSbjGdaXk35AoykCxLSBAAHcst4KTb5pSJ9HgxDPn6fBRh2UBEFGOL0Ledkh4Ng==', 1, NULL, N'bcf76444-5c6e-4ae5-98a1-f2fe5d2d4ce4', 1, 0, NULL, 0, 0, N'NancyGreen41078')
INSERT [dbo].[Users] ([Id], [FirstName], [LastName], [Gender], [DOB], [Specialty], [Email], [PhoneNumber], [EmailConfirmed], [PasswordHash], [SecurityStamp], [PhoneNumberConfirmed], [TwoFactorEnabled], [LockoutEndDateUtc], [LockoutEnabled], [AccessFailedCount], [UserName]) VALUES (N'458ab501-6480-4971-b250-0d503b248705', N'zbIAAgQYlmyQXWgHbioeIBurAiDVyCRJC8zC7J5ai3QPsuSbANY6oI/KXFQfNvQONSAdBgOO/eAE', N'zbIAAgQYlmyQXWgHbioeIBurAiDVyCRJC8zC7J5ai3QPsuSbAMkpp4O6UW3zsHQxD4U7iNpNPoAx7eY=', N'zbIAAgQYlmyQXWgHbioeIBurAiDVyCRJC8zC7J5ai3QPsuSbAPM6ooHP6yTk52CyHOquDb+SLbLe', N'zbIAAgQYlmyQXWgHbioeIBurAiDVyCRJC8zC7J5ai3QPsuSbAK9i99z/FWJVbzzy3zAN+QBJViyyBu8G4LlTGV9LDtG3/OquiLyBbQ+hWAbw', N'zbIAAgQYlmyQXWgHbioeIBurAiDVyCRJC8zC7J5ai3QPsuSbAFNU4gmGJEifWmWcg9CxnBM=', N'zbIAAgQYlmyQXWgHbioeIBurAiDVyCRJC8zC7J5ai3QPsuSbANY6oI+FVzofNXGV3jYA/XYQDnXpVbpbvOUFBGz4aLHOr7ldosz4EPa5W1bb/w==', N'zbIAAgQYlmyQXWgHbioeIBurAiDVyCRJC8zC7J5ai3QPsuSbALZi+N37BWpNbCiU2DMPyyVI3wiK5AcUVoQMIdWEVw==', 1, NULL, N'a247c4ff-d80a-467e-9023-d1ee99096015', 1, 0, NULL, 0, 0, N'HankWright33570')
INSERT [dbo].[Users] ([Id], [FirstName], [LastName], [Gender], [DOB], [Specialty], [Email], [PhoneNumber], [EmailConfirmed], [PasswordHash], [SecurityStamp], [PhoneNumberConfirmed], [TwoFactorEnabled], [LockoutEndDateUtc], [LockoutEnabled], [AccessFailedCount], [UserName]) VALUES (N'4cf23dbe-6234-4091-8ba2-9ae761a1b464', N'zbIAAgQY49CEn/07A9Gxed0dAiDa++phkYTpXwwH9VvuXgpaAGJKN7X8J3UhFbWYChD8vCKMML5xxuE=', N'zbIAAgQY49CEn/07A9Gxed0dAiDa++phkYTpXwwH9VvuXgpaAHNZMqnjv6u/QeunpasKsgpMbPKvxA==', N'zbIAAgQY49CEn/07A9Gxed0dAiDa++phkYTpXwwH9VvuXgpaAFFdKaH8I2zJDF9a4/ki0H+zzux7SIs=', N'zbIAAgQY49CEn/07A9Gxed0dAiDa++phkYTpXwwH9VvuXgpaAAYBc/O9d7TPgtUTBu2NhBjGfkcf84s5x7N+VPGAFs43oEFvExm44Wm9G70T', N'zbIAAgQY49CEn/07A9Gxed0dAiDa++phkYTpXwwH9VvuXgpaAPiB/VzRTaF9z1v43CriVfM=', N'zbIAAgQY49CEn/07A9Gxed0dAiDa++phkYTpXwwH9VvuXgpaAGJKN7X8J8CDxYg0BeSF90mQIQVVqdZrmeZhCcSEuFDLs1wpMfY80kHJjLea', N'zbIAAgQY49CEn/07A9Gxed0dAiDa++phkYTpXwwH9VvuXgpaAB8NfOmwdLTUntZwAesgBkhcku9iYKwoEL3rLB1i', 1, NULL, N'6af86f16-c99e-4b48-a798-9f4eb25bc481', 1, 0, NULL, 0, 0, N'UrsulaDavis192')
INSERT [dbo].[Users] ([Id], [FirstName], [LastName], [Gender], [DOB], [Specialty], [Email], [PhoneNumber], [EmailConfirmed], [PasswordHash], [SecurityStamp], [PhoneNumberConfirmed], [TwoFactorEnabled], [LockoutEndDateUtc], [LockoutEnabled], [AccessFailedCount], [UserName]) VALUES (N'5556ca26-c964-47fc-947c-aa348ff47ba7', N'zbIAAgQY3jKO6t6mezGThEu0AiDFcR2gwp3KmOZFQ9L9LRKGAHf6i9luErVeXpuDc3Ein+cSRlSYcIw=', N'zbIAAgQY3jKO6t6mezGThEu0AiDFcR2gwp3KmOZFQ9L9LRKGAG3zjNxhHkgPmKWvYGWJH7l8ZmTl1JrhKg==', N'zbIAAgQY3jKO6t6mezGThEu0AiDFcR2gwp3KmOZFQ9L9LRKGAFv+iNFhEucDB79bIZx/FUXcPoBaBRI=', N'zbIAAgQY3jKO6t6mezGThEu0AiDFcR2gwp3KmOZFQ9L9LRKGAAyi0IMgRwpRHFDtNRyJ77Zqsrls5xFhpOVm1CkqLNGg1Z8CuFUTuEMkWuPW', N'zbIAAgQY3jKO6t6mezGThEu0AiDFcR2gwp3KmOZFQ9L9LRKGAHjg4JyCUmp+Ovgp22/adEM=', N'zbIAAgQY3jKO6t6mezGThEu0AiDFcR2gwp3KmOZFQ9L9LRKGAHf6i9luEmgURAXVbV/A4rtjsL8Cs0U36bY8gRcYDD/EMz+79Fe+2R9fKpg0v0491t4=', N'zbIAAgQY3jKO6t6mezGThEu0AiDFcR2gwp3KmOZFQ9L9LRKGABWj1YQkVw9JHESLMBaBY7GqPBXn9fseNKrzZK1FEg==', 1, NULL, N'611924cc-5962-447b-a6db-70635de6508a', 1, 0, NULL, 0, 0, N'JanicePhillips95320')
INSERT [dbo].[Users] ([Id], [FirstName], [LastName], [Gender], [DOB], [Specialty], [Email], [PhoneNumber], [EmailConfirmed], [PasswordHash], [SecurityStamp], [PhoneNumberConfirmed], [TwoFactorEnabled], [LockoutEndDateUtc], [LockoutEnabled], [AccessFailedCount], [UserName]) VALUES (N'5d66bbee-7760-40a5-b92e-027bb4f47460', N'zbIAAgQY9ToS6+Werypd8R3iAiCVoyofIyG2rflo+k52KR2IAGvz4+5dvujlZlBIWiAIe7cOL2i6wstPHw==', N'zbIAAgQY9ToS6+Werypd8R3iAiCVoyofIyG2rflo+k52KR2IAHXz7PaVn6YiGYcwrh/1js5Pom/l', N'zbIAAgQY9ToS6+Werypd8R3iAiCVoyofIyG2rflo+k52KR2IAFv/7fteqVOnxmrc2OFdGlYC5LazqAY=', N'zbIAAgQY9ToS6+Werypd8R3iAiCVoyofIyG2rflo+k52KR2IAAyjsqsf/LKp9rAdN6/V2z1FKGrcdQZJ5ebpPqoxaskkXzWjKXzbY1hA2/A6', N'zbIAAgQY9ToS6+Werypd8R3iAiCVoyofIyG2rflo+k52KR2IACh+yCyCIr8Xb1sT0F/GmCY=', N'zbIAAgQY9ToS6+Werypd8R3iAiCVoyofIyG2rflo+k52KR2IAGvz4+5dvujljOolaqTb3zFLWT+eLUsbv7W8Y5MPAjTRkZDm0cwVfjOrfm3lo1nT', N'zbIAAgQY9ToS6+Werypd8R3iAiCVoyofIyG2rflo+k52KR2IABWst6Ib7Le39q54Mq/y5QdR2WQimd3HTNrseFT/', 1, NULL, N'6983f1ce-5540-424b-8973-6c29088b3730', 1, 0, NULL, 0, 0, N'VictoriaHill94584')
INSERT [dbo].[Users] ([Id], [FirstName], [LastName], [Gender], [DOB], [Specialty], [Email], [PhoneNumber], [EmailConfirmed], [PasswordHash], [SecurityStamp], [PhoneNumberConfirmed], [TwoFactorEnabled], [LockoutEndDateUtc], [LockoutEnabled], [AccessFailedCount], [UserName]) VALUES (N'5fbb66cd-35eb-4fec-9d01-517d20773048', N'zbIAAgQYQDKsxA/ISTzM1I+LAiBw/bFR0d8jiZzvZMufFj0nAGIyg8j00bH8seFzYsa1COEi99O9Y0c=', N'zbIAAgQYQDKsxA/ISTzM1I+LAiBw/bFR0d8jiZzvZMufFj0nAGMhkNTiCcXaJoXrdqRuhRZrD/mOIA==', N'zbIAAgQYQDKsxA/ISTzM1I+LAiBw/bFR0d8jiZzvZMufFj0nAEs2nd99N23X+CRj3jbOwKXvW6g7', N'zbIAAgQYQDKsxA/ISTzM1I+LAiBw/bFR0d8jiZzvZMufFj0nABdux4m8isbbKO2Z32+KhjX1VH+EHoGQlxuSNY6tqNKY88Uj9FQNhCZzmhit', N'zbIAAgQYQDKsxA/ISTzM1I+LAiBw/bFR0d8jiZzvZMufFj0nAPdEh4ABIWj/JJlhiFqDL9I=', N'zbIAAgQYQDKsxA/ISTzM1I+LAiBw/bFR0d8jiZzvZMufFj0nAGIyg8j00bWAe7C+2mODjzePAyPFXN3FykrOZfp+/0SI8J8N0dOOAPDJymZHeAg=', N'zbIAAgQYQDKsxA/ISTzM1I+LAiBw/bFR0d8jiZzvZMufFj0nAA5ux4u4msHEIvP81mKI8y/m2U5AU5rtkx2/xMxHDg==', 1, NULL, N'a7594cbe-c906-476d-acf0-34251c93bc47', 1, 0, NULL, 0, 0, N'DerrekEvans48381')
INSERT [dbo].[Users] ([Id], [FirstName], [LastName], [Gender], [DOB], [Specialty], [Email], [PhoneNumber], [EmailConfirmed], [PasswordHash], [SecurityStamp], [PhoneNumberConfirmed], [TwoFactorEnabled], [LockoutEndDateUtc], [LockoutEnabled], [AccessFailedCount], [UserName]) VALUES (N'67f09943-79de-4802-bac2-1a7c8a5e5575', N'zbIAAgQYV9zAYKOgpokpz5d6AiC5+FjnYENJ1d4+6gIt56uzALLBM6RybKZXchpPv6oQU5BxGXdGoY9p', N'zbIAAgQYV9zAYKOgpokpz5d6AiC5+FjnYENJ1d4+6gIt56uzAKTMIrltcrcJByUj7sr7fXevFqEtHFAMMNc=', N'zbIAAgQYV9zAYKOgpokpz5d6AiC5+FjnYENJ1d4+6gIt56uzAJrYPqx00eryufSMmZc4FDo4i3ez', N'zbIAAgQYV9zAYKOgpokpz5d6AiC5+FjnYENJ1d4+6gIt56uzAMSWYeYzOfZcVQP9inB3ijoVlglNJQlZjTVt5orAef0vrZbHQg==', N'zbIAAgQYV9zAYKOgpokpz5d6AiC5+FjnYENJ1d4+6gIt56uzAI5E6iAZx4QbXLbwOJebAXM=', N'zbIAAgQYV9zAYKOgpokpz5d6AiC5+FjnYENJ1d4+6gIt56uzAITMIrltcrcJB3KqyCEqwGZAmCtvafoR1CpxlOMolrrdpB3+9No=', N'zbIAAgQYV9zAYKOgpokpz5d6AiC5+FjnYENJ1d4+6gIt56uzAN+IYPorIPdZQx/4iHl3DDCYdooIpxk870Uc37AoMw==', 1, N'AB5Sv9jUxOXQN3WFszLfQL4HGJD7+rK73nloCt+DaMJfmRwtU55HoEltN0Km/u9dtw==', N'4f91edbe-f12a-4d88-a62e-d255f19a1801', 1, 0, NULL, 0, 0, N'Supporter1')
INSERT [dbo].[Users] ([Id], [FirstName], [LastName], [Gender], [DOB], [Specialty], [Email], [PhoneNumber], [EmailConfirmed], [PasswordHash], [SecurityStamp], [PhoneNumberConfirmed], [TwoFactorEnabled], [LockoutEndDateUtc], [LockoutEnabled], [AccessFailedCount], [UserName]) VALUES (N'6a1810e2-61f6-4812-8e75-25ba5271b08a', N'zbIAAgQYIODqAu/Ai9DPso4UAiBsT/QjEcVPjfyN5/ouEsMBACS5Df/J/CJE4B7lSXX7oDqpxmJWrk8xRng=', N'zbIAAgQYIODqAu/Ai9DPso4UAiBsT/QjEcVPjfyN5/ouEsMBACyzBu7SDXzvJbTUNPme/6hx1+DfCA==', N'zbIAAgQYIODqAu/Ai9DPso4UAiBsT/QjEcVPjfyN5/ouEsMBAAu9BO4t3e3BGICFFJgVLP4h/ReA', N'zbIAAgQYIODqAu/Ai9DPso4UAiBsT/QjEcVPjfyN5/ouEsMBAFflXLuMo20MvDgQDH7zzWdCCp5Is4vspij1BXPp2ngS/FN0ZuIlpWkO5CAk', N'zbIAAgQYIODqAu/Ai9DPso4UAiBsT/QjEcVPjfyN5/ouEsMBAMQjwJ3m/R59RISE0uprT7c=', N'zbIAAgQYIODqAu/Ai9DPso4UAiBsT/QjEcVPjfyN5/ouEsMBACS5Df/J/CJE4EErUCu6wWVMC5Em596z6nShWE3A7Kbwc9BfW5a4oY67zMrJ2qJYP70=', N'zbIAAgQYIODqAu/Ai9DPso4UAiBsT/QjEcVPjfyN5/ouEsMBAE7tWbqIs2cZtiZ3Bn/5DsL8q5uaSqjFCelK2GofsQ==', 1, NULL, N'04433591-7abe-4270-bd3c-08c288b940d4', 1, 0, NULL, 0, 0, N'BeethovenJones94428')
INSERT [dbo].[Users] ([Id], [FirstName], [LastName], [Gender], [DOB], [Specialty], [Email], [PhoneNumber], [EmailConfirmed], [PasswordHash], [SecurityStamp], [PhoneNumberConfirmed], [TwoFactorEnabled], [LockoutEndDateUtc], [LockoutEnabled], [AccessFailedCount], [UserName]) VALUES (N'6cef3b9a-6ea6-427e-8725-e86b5f5520fb', N'zbIAAgQY7sPFaUix6vsGo+8yAiB62gzKsPvUr9Q/eBvqmTziAK4jp9JoxIxNHi1cZpHLdOipaviqBw==', N'zbIAAgQY7sPFaUix6vsGo+8yAiB62gzKsPvUr9Q/eBvqmTziAKArpc9ugWeJqR60nOv/QjHaLTR9KuY=', N'zbIAAgQY7sPFaUix6vsGo+8yAiB62gzKsPvUr9Q/eBvqmTziAJojpdn2BVrw7ZK1hiHvniCScwsW', N'zbIAAgQY7sPFaUix6vsGo+8yAiB62gzKsPvUr9Q/eBvqmTziAMZ7+YQs32s8XGaPpzh8piKxvwjstgdHxwZOEkNjNWMHVq+5X98h0jqpvlFJ', N'zbIAAgQY7sPFaUix6vsGo+8yAiB62gzKsPvUr9Q/eBvqmTziAETacTcNEGyQTnOiFf5JMgs=', N'zbIAAgQY7sPFaUix6vsGo+8yAiB62gzKsPvUr9Q/eBvqmTziAK4jp9JouDt9HjC1ojt0oi7L6VWt9FsSmlcSQjc387p9k4oLT/PcITktohmhODo=', N'zbIAAgQY7sPFaUix6vsGo+8yAiB62gzKsPvUr9Q/eBvqmTziAN9z8YUoz2UhXXLipThxDm1OQKzW3pZyBl2Et/lZ9g==', 1, NULL, N'88392f40-5018-44e4-92fe-af3aaa25e99a', 1, 0, NULL, 0, 0, N'YanniWilson56255')
INSERT [dbo].[Users] ([Id], [FirstName], [LastName], [Gender], [DOB], [Specialty], [Email], [PhoneNumber], [EmailConfirmed], [PasswordHash], [SecurityStamp], [PhoneNumberConfirmed], [TwoFactorEnabled], [LockoutEndDateUtc], [LockoutEnabled], [AccessFailedCount], [UserName]) VALUES (N'748476b7-4754-41c4-8870-b819fb244b83', N'zbIAAgQYO5UyWMtrblBsr06lAiB4Fm1SnheivKnmhrD5kF93AITpUZ7rkVYRL+KfGDxZUgeg9+aTeg==', N'zbIAAgQYO5UyWMtrblBsr06lAiB4Fm1SnheivKnmhrD5kF93AIzgXpgiRyKz9ZkjBZNr+xU+mSlw', N'zbIAAgQYO5UyWMtrblBsr06lAiB4Fm1SnheivKnmhrD5kF93AKrkXInkjqNuh0kyfzeO368EQkpM', N'zbIAAgQYO5UyWMtrblBsr06lAiB4Fm1SnheivKnmhrD5kF93APa8ANytan5pAHqlYeT/BHBCqO2HiB1ghCyiRnFwfT/Dhdh6BaGIOxAHrFw=', N'zbIAAgQYO5UyWMtrblBsr06lAiB4Fm1SnheivKnmhrD5kF93ALtQ+ZLdjjPdy+fJdXXFS4A=', N'zbIAAgQYO5UyWMtrblBsr06lAiB4Fm1SnheivKnmhrD5kF93AKbhXYXuMzwwQiqFPqaFVywX7bnE3Uk51zL7GfNa1GEqsTthhlm4LDl0yME=', N'zbIAAgQYO5UyWMtrblBsr06lAiB4Fm1SnheivKnmhrD5kF93ALtQ+ZLdjjPdy+fJdXXFS4A=', 1, N'AOBVU0BoT70QSnwC07LE1jqpu/capGecmjtSKl64T5f6Sp7jcEjE8wDqd5yx7uedRA==', N'fd9f46a4-21bb-4a02-902d-da911947e0b5', 1, 0, NULL, 0, 0, N'administrator')
INSERT [dbo].[Users] ([Id], [FirstName], [LastName], [Gender], [DOB], [Specialty], [Email], [PhoneNumber], [EmailConfirmed], [PasswordHash], [SecurityStamp], [PhoneNumberConfirmed], [TwoFactorEnabled], [LockoutEndDateUtc], [LockoutEnabled], [AccessFailedCount], [UserName]) VALUES (N'7d4aa9f6-5513-41a9-b7d6-785814226156', N'zbIAAgQYM8KZCRydXhJAJ6XYAiDrs5KM4zJLNWfaxEo90EyHAMlb5HQiTfM0z+koW0lWK9c1T5wp', N'zbIAAgQYM8KZCRydXhJAJ6XYAiDrs5KM4zJLNWfaxEo90EyHAM1T5HRmADOjhb5Ms0lJjfalXfZ1Pw==', N'zbIAAgQYM8KZCRydXhJAJ6XYAiDrs5KM4zJLNWfaxEo90EyHAOZZ5mdvsO1LUZvRuw3EJd+Ct28kRus=', N'zbIAAgQYM8KZCRydXhJAJ6XYAiDrs5KM4zJLNWfaxEo90EyHALEFvjAu5WJknhFVk/6N55uVhq/sWeaf4E6sCDGqpfye5QgBSUGzMKN4mqye', N'zbIAAgQYM8KZCRydXhJAJ6XYAiDrs5KM4zJLNWfaxEo90EyHANRq82XK67eRoVerfCypO1M=', N'zbIAAgQYM8KZCRydXhJAJ6XYAiDrs5KM4zJLNWfaxEo90EyHAMlb5HROuj87yxY0mviFlcnD2u+mA7vNvhuzVQTyLjAT+110rvdSN55vsCiI', N'zbIAAgQYM8KZCRydXhJAJ6XYAiDrs5KM4zJLNWfaxEo90EyHAKgKvD4q9WF8nw0zmvyAHBmnMpFIqpdNf6MKdAlZbw==', 1, NULL, N'4609782d-b834-476f-8743-91e30a5fe29b', 1, 0, NULL, 0, 0, N'IgorMoore65942')
INSERT [dbo].[Users] ([Id], [FirstName], [LastName], [Gender], [DOB], [Specialty], [Email], [PhoneNumber], [EmailConfirmed], [PasswordHash], [SecurityStamp], [PhoneNumberConfirmed], [TwoFactorEnabled], [LockoutEndDateUtc], [LockoutEnabled], [AccessFailedCount], [UserName]) VALUES (N'7d8f57d3-be86-4fc6-bbb6-4ba771752573', N'zbIAAgQYiMG//XhKfyp9i5P1AiAjkVC17zSpsooYe2nthhO9ACyKIpMjcqbGwm7XzAZ+0KlLaaMoVpA=', N'zbIAAgQYiMG//XhKfyp9i5P1AiAjkVC17zSpsooYe2nthhO9ACCPNJU5YzkZHWmH8RySZEuFqyrm99FVpA==', N'zbIAAgQYiMG//XhKfyp9i5P1AiAjkVC17zSpsooYe2nthhO9AACHLJPO+ke/s+Q8xy4fIFPK/M4Q', N'zbIAAgQYiMG//XhKfyp9i5P1AiAjkVC17zSpsooYe2nthhO9AFzfcs98NmRYPJm6Uslad8Q/XkFYSdyHN8fE8mP0IK0mhaWrgK3zpIWPigsx', N'zbIAAgQYiMG//XhKfyp9i5P1AiAjkVC17zSpsooYe2nthhO9AFWoOgKltiCOqlVe2Utowe0=', N'zbIAAgQYiMG//XhKfyp9i5P1AiAjkVC17zSpsooYe2nthhO9ACyKIpMjchgcesqGBpcMcM09XUE2HYjQepacpF1f2rLvsXorqeFw9QAxptGIiT1bC84=', N'zbIAAgQYiMG//XhKfyp9i5P1AiAjkVC17zSpsooYe2nthhO9AEXfcMJ4JmNDO4TbVcpYjuD7wYe8yQs34ZdgpZzHbA==', 1, NULL, N'511ebce7-2f9c-45e3-a6e6-043285450425', 1, 0, NULL, 0, 0, N'AlbertMitchell31869')
INSERT [dbo].[Users] ([Id], [FirstName], [LastName], [Gender], [DOB], [Specialty], [Email], [PhoneNumber], [EmailConfirmed], [PasswordHash], [SecurityStamp], [PhoneNumberConfirmed], [TwoFactorEnabled], [LockoutEndDateUtc], [LockoutEnabled], [AccessFailedCount], [UserName]) VALUES (N'7d9ed6ac-9957-49fa-8712-3efbffaeeea0', N'zbIAAgQYIx4Vc3RDYm1k3oE2AiC2bQ1pGEuQylEfGrEhT4F4AC6XrRrxgYy7E4xh4oJAU5YqaQp+', N'zbIAAgQYIx4Vc3RDYm1k3oE2AiC2bQ1pGEuQylEfGrEhT4F4ADGdsQ8gKVOVu7t48ijCEvCMduEp2g==', N'zbIAAgQYIx4Vc3RDYm1k3oE2AiC2bQ1pGEuQylEfGrEhT4F4AASbsxo454QO7ck+5mJjEqBlKRTQmRg=', N'zbIAAgQYIx4Vc3RDYm1k3oE2AiC2bQ1pGEuQylEfGrEhT4F4AFPH7Eh5sk9Nk87y5xA1OC6D/l/eCkKwzyu2UNbgIhyZOSnkCgfxldJN6uAN', N'zbIAAgQYIx4Vc3RDYm1k3oE2AiC2bQ1pGEuQylEfGrEhT4F4ACl5JV84fs+6DZEV6v+ZOMs=', N'zbIAAgQYIx4Vc3RDYm1k3oE2AiC2bQ1pGEuQylEfGrEhT4F4AC6XrRoH4REU1ceT5Bc/SX/VoxqUUB/snn2tCuN5MHHiR2dhL7EsEx63xIHA', N'zbIAAgQYIx4Vc3RDYm1k3oE2AiC2bQ1pGEuQylEfGrEhT4F4AErP7Uh9okdXk9KV7hw5eTdqsoTjJzm6jbDcptd5KA==', 1, NULL, N'be495451-e311-485e-8c4f-602fd880028b', 1, 0, NULL, 0, 0, N'LisaScott85220')
INSERT [dbo].[Users] ([Id], [FirstName], [LastName], [Gender], [DOB], [Specialty], [Email], [PhoneNumber], [EmailConfirmed], [PasswordHash], [SecurityStamp], [PhoneNumberConfirmed], [TwoFactorEnabled], [LockoutEndDateUtc], [LockoutEnabled], [AccessFailedCount], [UserName]) VALUES (N'8e53b979-381a-47b4-be82-94d97ee311b4', N'zbIAAgQYZ2Ame8rOsqgwm81xAiAp0kJ55wdNZtsMV7NFeU1eACr6QPjiuzHXoQs/MHzMMByrcNc=', N'zbIAAgQYZ2Ame8rOsqgwm81xAiAp0kJ55wdNZtsMV7NFeU1eADr8SL4Q19GRkBTZmcfQrfVGYHF6ILPd', N'zbIAAgQYZ2Ame8rOsqgwm81xAiAp0kJ55wdNZtsMV7NFeU1eABTySLcU3Ytg1mBWaZ4sL9/sVGwJ', N'zbIAAgQYZ2Ame8rOsqgwm81xAiAp0kJ55wdNZtsMV7NFeU1eAEiqHeNUiZWP+koaDt0+D0ZTv73MNBNflpub7SpCxOhuxrQJzGBGR/jWGeNq', N'zbIAAgQYZ2Ame8rOsqgwm81xAiAp0kJ55wdNZtsMV7NFeU1eAD7qSrca1s7NrQucRHYkco+kv5/gcjpZHv8a', N'zbIAAgQYZ2Ame8rOsqgwm81xAiAp0kJ55wdNZtsMV7NFeU1eACr6QJEW1c7LpAF/CtwzAz4K4OKXZ0YDysXP8xmD2xGoE35yLGqEauPR8zbC3A==', N'zbIAAgQYZ2Ame8rOsqgwm81xAiAp0kJ55wdNZtsMV7NFeU1eAFGlF+ZQmZOW/l97Cd09aEK89O9nhzxqplKWBPFQxg==', 1, NULL, N'c638fec8-c8f6-467d-8b44-cbb2465fc89f', 1, 0, NULL, 0, 0, N'SidCollins15579')
INSERT [dbo].[Users] ([Id], [FirstName], [LastName], [Gender], [DOB], [Specialty], [Email], [PhoneNumber], [EmailConfirmed], [PasswordHash], [SecurityStamp], [PhoneNumberConfirmed], [TwoFactorEnabled], [LockoutEndDateUtc], [LockoutEnabled], [AccessFailedCount], [UserName]) VALUES (N'956e3401-cf1c-4f5a-99ef-062c9afb992b', N'zbIAAgQYJaZfS7MxNNRhWos3AiA7F14HwabUQNQZbktC0Lz+AP400U4F53iAv+DikRGd0x8wPIYD1LA=', N'zbIAAgQYJaZfS7MxNNRhWos3AiA7F14HwabUQNQZbktC0Lz+AO05xlkNTltZuw/P2F1KQAXIN+j1mg==', N'zbIAAgQYJaZfS7MxNNRhWos3AiA7F14HwabUQNQZbktC0Lz+ANs52V0b+0IPpnAqogHVETWJw6qUtr8=', N'zbIAAgQYJaZfS7MxNNRhWos3AiA7F14HwabUQNQZbktC0Lz+AIxlhwRar39MK/Ks8/arvwwjhoSUNPI/VI/4eUKxt6DDNTRo69FIkhtp4DCV', N'zbIAAgQYJaZfS7MxNNRhWos3AiA7F14HwabUQNQZbktC0Lz+AFzmSevUWR+AVcNxiRmth4M=', N'zbIAAgQYJaZfS7MxNNRhWos3AiA7F14HwabUQNQZbktC0Lz+AP400U4F5x0Ea6KC9veitwlZ1t/Vdq5rCdymKjb1WfejwTRXHGP8iWXpyhfX6JI=', N'zbIAAgQYJaZfS7MxNNRhWos3AiA7F14HwabUQNQZbktC0Lz+AJVogwxevnRVL+rP9PKl1qYgWzYXHi+15omv2Iz9vA==', 1, NULL, N'93f6c061-f4d4-48e5-932e-ab2611304d71', 1, 0, NULL, 0, 0, N'CherryPerez72383')
INSERT [dbo].[Users] ([Id], [FirstName], [LastName], [Gender], [DOB], [Specialty], [Email], [PhoneNumber], [EmailConfirmed], [PasswordHash], [SecurityStamp], [PhoneNumberConfirmed], [TwoFactorEnabled], [LockoutEndDateUtc], [LockoutEnabled], [AccessFailedCount], [UserName]) VALUES (N'9c223472-22af-4d28-8285-3a535bf9cdf4', N'zbIAAgQYkO4/NEOpBuN/x0ZJAiC5kBMzr3/E7pth/dcrZPUnAPCP2aRZ0WhA4P204muzRBQA2N3b', N'zbIAAgQYkO4/NEOpBuN/x0ZJAiC5kBMzr3/E7pth/dcrZPUnAOuN2LshHRKzQp1F0/a+a7cFxoalrg==', N'zbIAAgQYkO4/NEOpBuN/x0ZJAiC5kBMzr3/E7pth/dcrZPUnAN6L2q45m8xpmPHh8JUJWc4Nowk2sL4=', N'zbIAAgQYkO4/NEOpBuN/x0ZJAiC5kBMzr3/E7pth/dcrZPUnAInXgPx4zheMKvGTRNTRZJ5E5HzAgHPXcGJIlBw8ZUQVyMKkeQNCEnmTV/r1', N'zbIAAgQYkO4/NEOpBuN/x0ZJAiC5kBMzr3/E7pth/dcrZPUnAP+X2ao2kU3OfLhgyaiDOLzJ+rnJf2Nt/uMk', N'zbIAAgQYkO4/NEOpBuN/x0ZJAiC5kBMzr3/E7pth/dcrZPUnAPCP2aQGnU7Vb/b3QNfaFMsSuD6K2i6KITZRzSkLcXIsZaB1XDq1EYM4Azf4', N'zbIAAgQYkO4/NEOpBuN/x0ZJAiC5kBMzr3/E7pth/dcrZPUnAJDWhPh83heXIuz0Rde1dUvquDF9mHehSqzUNm1W', 1, NULL, N'27ac453c-0975-40e1-b44e-1ee1ef119a59', 1, 0, NULL, 0, 0, N'HankScott70441')
INSERT [dbo].[Users] ([Id], [FirstName], [LastName], [Gender], [DOB], [Specialty], [Email], [PhoneNumber], [EmailConfirmed], [PasswordHash], [SecurityStamp], [PhoneNumberConfirmed], [TwoFactorEnabled], [LockoutEndDateUtc], [LockoutEnabled], [AccessFailedCount], [UserName]) VALUES (N'9e83cca5-e1aa-44cb-9ec7-cc7771e2da28', N'zbIAAgQYET7uLMezz0FZdsScAiAqOI51+fGgW6ebTVd6eKUBAI+/lx/4bs4/N8KYKvP6mUavjlDXwg==', N'zbIAAgQYET7uLMezz0FZdsScAiAqOI51+fGgW6ebTVd6eKUBAIa7ixTr2FLu8LjohD59QfBUCua9VA==', N'zbIAAgQYET7uLMezz0FZdsScAiAqOI51+fGgW6ebTVd6eKUBALu/lRS30VFfILVD5h4sZvjRVLDl', N'zbIAAgQYET7uLMezz0FZdsScAiAqOI51+fGgW6ebTVd6eKUBAOfnzES8+lRzcgfs0hr+z8WjF4KWiFCqXpbNgmY6AyXAoIIOEaQbEsRJ3cXQ', N'zbIAAgQYET7uLMezz0FZdsScAiAqOI51+fGgW6ebTVd6eKUBADK/0uU6IGi27D6+F7LdYvU=', N'zbIAAgQYET7uLMezz0FZdsScAiAqOI51+fGgW6ebTVd6eKUBAI+/lx/4mgMsJUiL0R/zyrP6TtjN2wX5DcmfmFWMEvQYm1v5vm0NCYt1/V2c8Q==', N'zbIAAgQYET7uLMezz0FZdsScAiAqOI51+fGgW6ebTVd6eKUBAP7sz0G46l9och+M0RnzUTTWgqznLZC18v32T/gHfQ==', 1, NULL, N'6b73bdce-7333-4859-bd8d-2725cb16865a', 1, 0, NULL, 0, 0, N'YanniPerez32575')
INSERT [dbo].[Users] ([Id], [FirstName], [LastName], [Gender], [DOB], [Specialty], [Email], [PhoneNumber], [EmailConfirmed], [PasswordHash], [SecurityStamp], [PhoneNumberConfirmed], [TwoFactorEnabled], [LockoutEndDateUtc], [LockoutEnabled], [AccessFailedCount], [UserName]) VALUES (N'b3d31d77-1ca8-45ae-ac03-fb533840c628', N'zbIAAgQYAHfjycS9ZbHhMaUUAiDUywY1U2hMfEYId6aENLd+AL4o0Vm60y/FfhcRE+xqNJ3ClmkxLpw=', N'zbIAAgQYAHfjycS9ZbHhMaUUAiDUywY1U2hMfEYId6aENLd+AKgt30+nyUbHeyvKCoLR11xzgMpCJjw=', N'zbIAAgQYAHfjycS9ZbHhMaUUAiDUywY1U2hMfEYId6aENLd+AJIl31mPL7PSarm1u0Y027XbbjnS', N'zbIAAgQYAHfjycS9ZbHhMaUUAiDUywY1U2hMfEYId6aENLd+AM59ggzll236hv7kIrft9CGdSoAhxL+AC3QnEqQjNuGjwyIh6gBrxfgaMrTn', N'zbIAAgQYAHfjycS9ZbHhMaUUAiDUywY1U2hMfEYId6aENLd+ALg93VmryDW40b5l7Fj5WlfQYhCNrfc9KIaV', N'zbIAAgQYAHfjycS9ZbHhMaUUAiDUywY1U2hMfEYId6aENLd+AL4o0Vm60w6+2rTffLzg9CCUP9pjnPLcXiR2SJ0Vb6EqOWQQmtTz7I7SBJFGF6g5', N'zbIAAgQYAHfjycS9ZbHhMaUUAiDUywY1U2hMfEYId6aENLd+ANd9hQrhh2/ghOqDJLkJsYEE7vnm3jegk3FkvMIW', 1, NULL, N'82c26599-81e9-4f4c-a1ba-f937d36bd360', 1, 0, NULL, 0, 0, N'AlbertWilson37423')
INSERT [dbo].[Users] ([Id], [FirstName], [LastName], [Gender], [DOB], [Specialty], [Email], [PhoneNumber], [EmailConfirmed], [PasswordHash], [SecurityStamp], [PhoneNumberConfirmed], [TwoFactorEnabled], [LockoutEndDateUtc], [LockoutEnabled], [AccessFailedCount], [UserName]) VALUES (N'c3de68db-5380-4ab5-b416-577fd58db601', N'zbIAAgQYB37WM7ps1SBBsTn/AiCzEcuPkXOTvZLF3Toe8eTaAE4vv/fs2sDbnwEmSSaF1hsdUPjQ+As=', N'zbIAAgQYB37WM7ps1SBBsTn/AiCzEcuPkXOTvZLF3Toe8eTaAE87pPLq0ft2uE+XbMk6cYzYDKsNpAo=', N'zbIAAgQYB37WM7ps1SBBsTn/AiCzEcuPkXOTvZLF3Toe8eTaAHk/u/jjxsr/5+3oBVMnyOyyP5H/k3U=', N'zbIAAgQYB37WM7ps1SBBsTn/AiCzEcuPkXOTvZLF3Toe8eTaAC5j4q2ik+q/sYbUFLaSh8ScfqiTPu8ysYXmML9a/iUsnH82G7OuBa0x2LSb', N'zbIAAgQYB37WM7ps1SBBsTn/AiCzEcuPkXOTvZLF3Toe8eTaAOBqjhr0uI+YJPd2Kxe3LiU=', N'zbIAAgQYB37WM7ps1SBBsTn/AiCzEcuPkXOTvZLF3Toe8eTaAE4vv/fs2ojz8drlVrech8eSC/LRZqJv5Ne1aYZ+eYmBkH8unwV21o3yZrq322o4', N'zbIAAgQYB37WM7ps1SBBsTn/AiCzEcuPkXOTvZLF3Toe8eTaADdt4rCvmuCmrom4EbZjztDakPlnlbnXkFN9Bmzc', 1, NULL, N'9460b0f5-77ba-4679-93d4-46a00aaaddb5', 1, 0, NULL, 0, 0, N'QuincyParker84524')
INSERT [dbo].[Users] ([Id], [FirstName], [LastName], [Gender], [DOB], [Specialty], [Email], [PhoneNumber], [EmailConfirmed], [PasswordHash], [SecurityStamp], [PhoneNumberConfirmed], [TwoFactorEnabled], [LockoutEndDateUtc], [LockoutEnabled], [AccessFailedCount], [UserName]) VALUES (N'e7e7e3ac-e539-4b67-bb83-66ffa2e59c7c', N'zbIAAgQYKD2HMZKMV29X8kVfAiDMDb4pEgmxx4BKBfWKHpqMALryjat6k8sQz9PvVQxgLLxoiVrDYw==', N'zbIAAgQYKD2HMZKMV29X8kVfAiDMDb4pEgmxx4BKBfWKHpqMAL72jaxr33M0NsmnmLW3pTJJo3FsrY84', N'zbIAAgQYKD2HMZKMV29X8kVfAiDMDb4pEgmxx4BKBfWKHpqMAIvyjq5v36xFK4jBsZosERbsWJR/jNc=', N'zbIAAgQYKD2HMZKMV29X8kVfAiDMDb4pEgmxx4BKBfWKHpqMANyu1/8uijt8FCBMVr0VVxDOD+WyQXCIQued6JYXzVOUcCk1Zp7olXGlxvH7', N'zbIAAgQYKD2HMZKMV29X8kVfAiDMDb4pEgmxx4BKBfWKHpqMAAxDTtqfIj9Y0j4SfruOAsQ=', N'zbIAAgQYKD2HMZKMV29X8kVfAiDMDb4pEgmxx4BKBfWKHpqMALryjat66Wg/RXB9HLEaVRjFfb7wGT3VF7XOsa/XbjhwtWnuVZXh/+xEau1CaxqH', N'zbIAAgQYKD2HMZKMV29X8kVfAiDMDb4pEgmxx4BKBfWKHpqMAMWk0/0qmjFiEzUrVb8ZXjxXoBvSMqyKeFk1rhULWw==', 1, NULL, N'79af07ef-ecc6-49a3-a3db-17b696e47d50', 1, 0, NULL, 0, 0, N'WendySanchez85011')
INSERT [dbo].[UserSupporterCareTeams] ([UserId], [CareTeamId]) VALUES (N'2720600a-8a6b-4073-be94-9b2dfdeb97e5', N'126e0d25-38bd-45a5-9572-01196f9ef204')
INSERT [dbo].[UserSupporterCareTeams] ([UserId], [CareTeamId]) VALUES (N'2720600a-8a6b-4073-be94-9b2dfdeb97e5', N'5f94bffc-22f3-45d1-b817-96aaed2f4834')
INSERT [dbo].[UserSupporterCareTeams] ([UserId], [CareTeamId]) VALUES (N'5556ca26-c964-47fc-947c-aa348ff47ba7', N'5f94bffc-22f3-45d1-b817-96aaed2f4834')
INSERT [dbo].[UserSupporterCareTeams] ([UserId], [CareTeamId]) VALUES (N'67f09943-79de-4802-bac2-1a7c8a5e5575', N'126e0d25-38bd-45a5-9572-01196f9ef204')
INSERT [dbo].[UserSupporterCareTeams] ([UserId], [CareTeamId]) VALUES (N'67f09943-79de-4802-bac2-1a7c8a5e5575', N'4824f6ad-2afc-4a9c-ad2b-4c4e0bc9b4d3')
INSERT [dbo].[UserSupporterCareTeams] ([UserId], [CareTeamId]) VALUES (N'6a1810e2-61f6-4812-8e75-25ba5271b08a', N'4824f6ad-2afc-4a9c-ad2b-4c4e0bc9b4d3')
INSERT [dbo].[UserSupporterCareTeams] ([UserId], [CareTeamId]) VALUES (N'956e3401-cf1c-4f5a-99ef-062c9afb992b', N'4824f6ad-2afc-4a9c-ad2b-4c4e0bc9b4d3')
INSERT [dbo].[UserSupporterCareTeams] ([UserId], [CareTeamId]) VALUES (N'c3de68db-5380-4ab5-b416-577fd58db601', N'126e0d25-38bd-45a5-9572-01196f9ef204')
INSERT [dbo].[UserSupporterCareTeams] ([UserId], [CareTeamId]) VALUES (N'e7e7e3ac-e539-4b67-bb83-66ffa2e59c7c', N'5f94bffc-22f3-45d1-b817-96aaed2f4834')
ALTER TABLE [dbo].[CareTeams]  WITH CHECK ADD  CONSTRAINT [FK_dbo.CareTeams_dbo.Users_Patient_Id] FOREIGN KEY([Patient_Id])
REFERENCES [dbo].[Users] ([Id])
GO
ALTER TABLE [dbo].[CareTeams] CHECK CONSTRAINT [FK_dbo.CareTeams_dbo.Users_Patient_Id]
GO
ALTER TABLE [dbo].[Prescriptions]  WITH CHECK ADD  CONSTRAINT [FK_dbo.Prescriptions_dbo.Medications_Medication_MedicationId] FOREIGN KEY([Medication_MedicationId])
REFERENCES [dbo].[Medications] ([MedicationId])
GO
ALTER TABLE [dbo].[Prescriptions] CHECK CONSTRAINT [FK_dbo.Prescriptions_dbo.Medications_Medication_MedicationId]
GO
ALTER TABLE [dbo].[Prescriptions]  WITH CHECK ADD  CONSTRAINT [FK_dbo.Prescriptions_dbo.Users_Patient_Id] FOREIGN KEY([Patient_Id])
REFERENCES [dbo].[Users] ([Id])
GO
ALTER TABLE [dbo].[Prescriptions] CHECK CONSTRAINT [FK_dbo.Prescriptions_dbo.Users_Patient_Id]
GO
ALTER TABLE [dbo].[UserClaims]  WITH CHECK ADD  CONSTRAINT [FK_dbo.UserClaims_dbo.Users_UserId] FOREIGN KEY([UserId])
REFERENCES [dbo].[Users] ([Id])
ON DELETE CASCADE
GO
ALTER TABLE [dbo].[UserClaims] CHECK CONSTRAINT [FK_dbo.UserClaims_dbo.Users_UserId]
GO
ALTER TABLE [dbo].[UserLogins]  WITH CHECK ADD  CONSTRAINT [FK_dbo.UserLogins_dbo.Users_UserId] FOREIGN KEY([UserId])
REFERENCES [dbo].[Users] ([Id])
ON DELETE CASCADE
GO
ALTER TABLE [dbo].[UserLogins] CHECK CONSTRAINT [FK_dbo.UserLogins_dbo.Users_UserId]
GO
ALTER TABLE [dbo].[UserProviderCareTeams]  WITH CHECK ADD  CONSTRAINT [FK_dbo.UserProviderCareTeams_dbo.CareTeams_CareTeamId] FOREIGN KEY([CareTeamId])
REFERENCES [dbo].[CareTeams] ([Id])
ON DELETE CASCADE
GO
ALTER TABLE [dbo].[UserProviderCareTeams] CHECK CONSTRAINT [FK_dbo.UserProviderCareTeams_dbo.CareTeams_CareTeamId]
GO
ALTER TABLE [dbo].[UserProviderCareTeams]  WITH CHECK ADD  CONSTRAINT [FK_dbo.UserProviderCareTeams_dbo.Users_UserId] FOREIGN KEY([UserId])
REFERENCES [dbo].[Users] ([Id])
ON DELETE CASCADE
GO
ALTER TABLE [dbo].[UserProviderCareTeams] CHECK CONSTRAINT [FK_dbo.UserProviderCareTeams_dbo.Users_UserId]
GO
ALTER TABLE [dbo].[UserRoles]  WITH CHECK ADD  CONSTRAINT [FK_dbo.UserRoles_dbo.Roles_RoleId] FOREIGN KEY([RoleId])
REFERENCES [dbo].[Roles] ([Id])
ON DELETE CASCADE
GO
ALTER TABLE [dbo].[UserRoles] CHECK CONSTRAINT [FK_dbo.UserRoles_dbo.Roles_RoleId]
GO
ALTER TABLE [dbo].[UserRoles]  WITH CHECK ADD  CONSTRAINT [FK_dbo.UserRoles_dbo.Users_UserId] FOREIGN KEY([UserId])
REFERENCES [dbo].[Users] ([Id])
ON DELETE CASCADE
GO
ALTER TABLE [dbo].[UserRoles] CHECK CONSTRAINT [FK_dbo.UserRoles_dbo.Users_UserId]
GO
ALTER TABLE [dbo].[UserSupporterCareTeams]  WITH CHECK ADD  CONSTRAINT [FK_dbo.UserSupporterCareTeams_dbo.CareTeams_CareTeamId] FOREIGN KEY([CareTeamId])
REFERENCES [dbo].[CareTeams] ([Id])
ON DELETE CASCADE
GO
ALTER TABLE [dbo].[UserSupporterCareTeams] CHECK CONSTRAINT [FK_dbo.UserSupporterCareTeams_dbo.CareTeams_CareTeamId]
GO
ALTER TABLE [dbo].[UserSupporterCareTeams]  WITH CHECK ADD  CONSTRAINT [FK_dbo.UserSupporterCareTeams_dbo.Users_UserId] FOREIGN KEY([UserId])
REFERENCES [dbo].[Users] ([Id])
ON DELETE CASCADE
GO
ALTER TABLE [dbo].[UserSupporterCareTeams] CHECK CONSTRAINT [FK_dbo.UserSupporterCareTeams_dbo.Users_UserId]
GO